"Alpha","Iteration","Interaction","TrueBeta","Detected"
0.5,1,"ASC2_male",0,0
0.5,1,"ASC3_age",0,1
0.5,1,"cost_income",0,0
0.5,1,"prot25_child",0.5,0
0.5,1,"prot50_child",0.5,0
0.5,1,"invasive_child",1.1,0
0.5,2,"ASC2_male",-1,1
0.5,2,"ASC3_age",0,0
0.5,2,"cost_income",-1.1,0
0.5,2,"prot25_child",0,0
0.5,2,"prot50_child",0,0
0.5,2,"invasive_child",-0.5,0
0.5,3,"ASC2_male",0,0
0.5,3,"ASC3_age",0.5,0
0.5,3,"cost_income",0,0
0.5,3,"prot25_child",-0.5,0
0.5,3,"prot50_child",-1.2,0
0.5,3,"invasive_child",0,0
0.5,4,"ASC2_male",0,1
0.5,4,"ASC3_age",0.5,0
0.5,4,"cost_income",0,1
0.5,4,"prot25_child",0.6,1
0.5,4,"prot50_child",0,0
0.5,4,"invasive_child",1,1
0.5,5,"ASC2_male",1.2,0
0.5,5,"ASC3_age",0,0
0.5,5,"cost_income",0,1
0.5,5,"prot25_child",0.9,0
0.5,5,"prot50_child",-1.1,1
0.5,5,"invasive_child",0,1
0.5,6,"ASC2_male",0,0
0.5,6,"ASC3_age",-0.8,0
0.5,6,"cost_income",0,0
0.5,6,"prot25_child",-0.7,0
0.5,6,"prot50_child",0,0
0.5,6,"invasive_child",1.1,0
0.5,7,"ASC2_male",0.6,0
0.5,7,"ASC3_age",0,0
0.5,7,"cost_income",0,0
0.5,7,"prot25_child",0,0
0.5,7,"prot50_child",-0.5,0
0.5,7,"invasive_child",0.8,0
0.5,8,"ASC2_male",0.7,0
0.5,8,"ASC3_age",0.6,0
0.5,8,"cost_income",1.1,1
0.5,8,"prot25_child",0,0
0.5,8,"prot50_child",0,0
0.5,8,"invasive_child",0,0
0.5,9,"ASC2_male",0,0
0.5,9,"ASC3_age",-0.9,1
0.5,9,"cost_income",-1,0
0.5,9,"prot25_child",0,0
0.5,9,"prot50_child",-1,0
0.5,9,"invasive_child",0,0
0.5,10,"ASC2_male",-0.4,1
0.5,10,"ASC3_age",0,0
0.5,10,"cost_income",-1.1,0
0.5,10,"prot25_child",0,1
0.5,10,"prot50_child",0.6,0
0.5,10,"invasive_child",0,0
0.5,11,"ASC2_male",-0.6,0
0.5,11,"ASC3_age",1.1,1
0.5,11,"cost_income",0,0
0.5,11,"prot25_child",0,0
0.5,11,"prot50_child",0,0
0.5,11,"invasive_child",0.5,0
0.5,12,"ASC2_male",1,0
0.5,12,"ASC3_age",0,0
0.5,12,"cost_income",0,0
0.5,12,"prot25_child",0,1
0.5,12,"prot50_child",0.8,1
0.5,12,"invasive_child",1,1
0.5,13,"ASC2_male",0,0
0.5,13,"ASC3_age",0,0
0.5,13,"cost_income",-0.9,1
0.5,13,"prot25_child",0,1
0.5,13,"prot50_child",0.7,0
0.5,13,"invasive_child",-0.5,1
0.5,14,"ASC2_male",-0.5,0
0.5,14,"ASC3_age",0,0
0.5,14,"cost_income",0,0
0.5,14,"prot25_child",0.6,0
0.5,14,"prot50_child",0,1
0.5,14,"invasive_child",0.8,0
0.5,15,"ASC2_male",0,1
0.5,15,"ASC3_age",0,0
0.5,15,"cost_income",-0.8,0
0.5,15,"prot25_child",-0.9,0
0.5,15,"prot50_child",0,0
0.5,15,"invasive_child",0.8,0
0.5,16,"ASC2_male",0.9,0
0.5,16,"ASC3_age",0,0
0.5,16,"cost_income",0,0
0.5,16,"prot25_child",0,0
0.5,16,"prot50_child",0.6,0
0.5,16,"invasive_child",-1,0
0.5,17,"ASC2_male",0,0
0.5,17,"ASC3_age",1.1,1
0.5,17,"cost_income",1.2,0
0.5,17,"prot25_child",0.9,0
0.5,17,"prot50_child",0,0
0.5,17,"invasive_child",0,0
0.5,18,"ASC2_male",0,0
0.5,18,"ASC3_age",-0.8,0
0.5,18,"cost_income",0,0
0.5,18,"prot25_child",0.4,0
0.5,18,"prot50_child",0,0
0.5,18,"invasive_child",-0.4,0
0.5,19,"ASC2_male",1,0
0.5,19,"ASC3_age",0,0
0.5,19,"cost_income",-0.7,0
0.5,19,"prot25_child",1,0
0.5,19,"prot50_child",0,0
0.5,19,"invasive_child",0,0
0.5,20,"ASC2_male",-0.6,0
0.5,20,"ASC3_age",0,0
0.5,20,"cost_income",-0.6,0
0.5,20,"prot25_child",0.5,0
0.5,20,"prot50_child",0,1
0.5,20,"invasive_child",0,0
0.5,21,"ASC2_male",1,0
0.5,21,"ASC3_age",0,0
0.5,21,"cost_income",1.1,0
0.5,21,"prot25_child",0.7,0
0.5,21,"prot50_child",0,1
0.5,21,"invasive_child",0,1
0.5,22,"ASC2_male",0.9,0
0.5,22,"ASC3_age",0,0
0.5,22,"cost_income",0,0
0.5,22,"prot25_child",-1.1,0
0.5,22,"prot50_child",0,0
0.5,22,"invasive_child",-0.5,0
0.5,23,"ASC2_male",0,0
0.5,23,"ASC3_age",0.8,0
0.5,23,"cost_income",0.9,0
0.5,23,"prot25_child",0,0
0.5,23,"prot50_child",1.1,1
0.5,23,"invasive_child",0,0
0.5,24,"ASC2_male",-1.2,0
0.5,24,"ASC3_age",0,1
0.5,24,"cost_income",0,0
0.5,24,"prot25_child",1,0
0.5,24,"prot50_child",0,0
0.5,24,"invasive_child",0.7,0
0.5,25,"ASC2_male",0,0
0.5,25,"ASC3_age",-0.9,0
0.5,25,"cost_income",0,0
0.5,25,"prot25_child",0,1
0.5,25,"prot50_child",-0.9,0
0.5,25,"invasive_child",-0.7,1
0.5,26,"ASC2_male",-0.6,0
0.5,26,"ASC3_age",0,0
0.5,26,"cost_income",0.6,0
0.5,26,"prot25_child",0.4,0
0.5,26,"prot50_child",0,0
0.5,26,"invasive_child",0,0
0.5,27,"ASC2_male",0.7,1
0.5,27,"ASC3_age",0,0
0.5,27,"cost_income",0,0
0.5,27,"prot25_child",0,1
0.5,27,"prot50_child",-1,0
0.5,27,"invasive_child",0.9,0
0.5,28,"ASC2_male",0,0
0.5,28,"ASC3_age",0,0
0.5,28,"cost_income",0,0
0.5,28,"prot25_child",0.7,0
0.5,28,"prot50_child",-0.7,0
0.5,28,"invasive_child",0.5,1
0.5,29,"ASC2_male",1.2,0
0.5,29,"ASC3_age",0,0
0.5,29,"cost_income",0,0
0.5,29,"prot25_child",0.8,0
0.5,29,"prot50_child",0,0
0.5,29,"invasive_child",-0.7,0
0.5,30,"ASC2_male",0.7,1
0.5,30,"ASC3_age",0.5,0
0.5,30,"cost_income",0,0
0.5,30,"prot25_child",0,1
0.5,30,"prot50_child",0,0
0.5,30,"invasive_child",-0.8,0
0.5,31,"ASC2_male",0,0
0.5,31,"ASC3_age",1.1,0
0.5,31,"cost_income",-1,1
0.5,31,"prot25_child",0,0
0.5,31,"prot50_child",-1,0
0.5,31,"invasive_child",0,0
0.5,32,"ASC2_male",-0.5,0
0.5,32,"ASC3_age",0,0
0.5,32,"cost_income",0.8,0
0.5,32,"prot25_child",0,0
0.5,32,"prot50_child",1,0
0.5,32,"invasive_child",0,0
0.5,33,"ASC2_male",0,0
0.5,33,"ASC3_age",0,0
0.5,33,"cost_income",0.6,0
0.5,33,"prot25_child",0,0
0.5,33,"prot50_child",1.2,0
0.5,33,"invasive_child",-0.9,0
0.5,34,"ASC2_male",0,0
0.5,34,"ASC3_age",0,0
0.5,34,"cost_income",1,0
0.5,34,"prot25_child",0.5,0
0.5,34,"prot50_child",1,0
0.5,34,"invasive_child",0,0
0.5,35,"ASC2_male",-0.6,0
0.5,35,"ASC3_age",0,1
0.5,35,"cost_income",-0.9,0
0.5,35,"prot25_child",-0.6,0
0.5,35,"prot50_child",0,0
0.5,35,"invasive_child",0,1
0.5,36,"ASC2_male",0,0
0.5,36,"ASC3_age",0,0
0.5,36,"cost_income",-0.5,0
0.5,36,"prot25_child",-0.6,0
0.5,36,"prot50_child",0,0
0.5,36,"invasive_child",0.7,0
0.5,37,"ASC2_male",0,0
0.5,37,"ASC3_age",0,0
0.5,37,"cost_income",-1.2,0
0.5,37,"prot25_child",0,0
0.5,37,"prot50_child",-1,0
0.5,37,"invasive_child",1.1,0
0.5,38,"ASC2_male",-0.6,0
0.5,38,"ASC3_age",0,0
0.5,38,"cost_income",-1.1,1
0.5,38,"prot25_child",1,0
0.5,38,"prot50_child",0,0
0.5,38,"invasive_child",0,0
0.5,39,"ASC2_male",0.4,0
0.5,39,"ASC3_age",0,0
0.5,39,"cost_income",0,0
0.5,39,"prot25_child",0.4,0
0.5,39,"prot50_child",-1,0
0.5,39,"invasive_child",0,0
0.5,40,"ASC2_male",0,0
0.5,40,"ASC3_age",1,1
0.5,40,"cost_income",0,0
0.5,40,"prot25_child",0,1
0.5,40,"prot50_child",-1,0
0.5,40,"invasive_child",0.9,1
0.5,41,"ASC2_male",0,0
0.5,41,"ASC3_age",0.9,0
0.5,41,"cost_income",0,0
0.5,41,"prot25_child",1.1,0
0.5,41,"prot50_child",-0.6,0
0.5,41,"invasive_child",0,0
0.5,42,"ASC2_male",-0.7,0
0.5,42,"ASC3_age",0.6,0
0.5,42,"cost_income",0,0
0.5,42,"prot25_child",1.1,0
0.5,42,"prot50_child",0,0
0.5,42,"invasive_child",0,0
0.5,43,"ASC2_male",0,1
0.5,43,"ASC3_age",0,1
0.5,43,"cost_income",1.1,0
0.5,43,"prot25_child",-0.7,1
0.5,43,"prot50_child",0,0
0.5,43,"invasive_child",-0.5,1
0.5,44,"ASC2_male",-0.9,1
0.5,44,"ASC3_age",0.6,0
0.5,44,"cost_income",0,1
0.5,44,"prot25_child",0,0
0.5,44,"prot50_child",0,0
0.5,44,"invasive_child",0.7,0
0.5,45,"ASC2_male",1.1,0
0.5,45,"ASC3_age",-1,0
0.5,45,"cost_income",1,1
0.5,45,"prot25_child",0,1
0.5,45,"prot50_child",0,0
0.5,45,"invasive_child",0,0
0.5,46,"ASC2_male",0.7,0
0.5,46,"ASC3_age",0,0
0.5,46,"cost_income",0,1
0.5,46,"prot25_child",0,0
0.5,46,"prot50_child",0.5,1
0.5,46,"invasive_child",0.6,0
0.5,47,"ASC2_male",0,0
0.5,47,"ASC3_age",0,0
0.5,47,"cost_income",-1,0
0.5,47,"prot25_child",1.2,1
0.5,47,"prot50_child",0.8,1
0.5,47,"invasive_child",0,0
0.5,48,"ASC2_male",0,0
0.5,48,"ASC3_age",-1.1,0
0.5,48,"cost_income",-0.8,0
0.5,48,"prot25_child",1,0
0.5,48,"prot50_child",0,0
0.5,48,"invasive_child",0,0
0.5,49,"ASC2_male",0,0
0.5,49,"ASC3_age",0,1
0.5,49,"cost_income",-0.5,1
0.5,49,"prot25_child",0.7,1
0.5,49,"prot50_child",-0.9,0
0.5,49,"invasive_child",0,1
0.5,50,"ASC2_male",1.1,1
0.5,50,"ASC3_age",0,0
0.5,50,"cost_income",0,0
0.5,50,"prot25_child",-0.5,1
0.5,50,"prot50_child",-0.4,0
0.5,50,"invasive_child",0,0
0.5,51,"ASC2_male",0,1
0.5,51,"ASC3_age",0.8,1
0.5,51,"cost_income",0,1
0.5,51,"prot25_child",0.5,1
0.5,51,"prot50_child",0,0
0.5,51,"invasive_child",1.2,1
0.5,52,"ASC2_male",0,0
0.5,52,"ASC3_age",-1.1,0
0.5,52,"cost_income",0,0
0.5,52,"prot25_child",0.6,0
0.5,52,"prot50_child",-0.9,1
0.5,52,"invasive_child",0,0
0.5,53,"ASC2_male",0,0
0.5,53,"ASC3_age",-0.8,0
0.5,53,"cost_income",0,0
0.5,53,"prot25_child",-0.9,0
0.5,53,"prot50_child",0,0
0.5,53,"invasive_child",-0.9,1
0.5,54,"ASC2_male",0,0
0.5,54,"ASC3_age",-0.7,0
0.5,54,"cost_income",0,0
0.5,54,"prot25_child",0,0
0.5,54,"prot50_child",-0.9,0
0.5,54,"invasive_child",0.5,1
0.5,55,"ASC2_male",-1.1,0
0.5,55,"ASC3_age",0,0
0.5,55,"cost_income",-0.5,1
0.5,55,"prot25_child",0,0
0.5,55,"prot50_child",-0.7,0
0.5,55,"invasive_child",0,0
0.5,56,"ASC2_male",0.8,0
0.5,56,"ASC3_age",0.4,0
0.5,56,"cost_income",0,0
0.5,56,"prot25_child",-0.9,0
0.5,56,"prot50_child",0,0
0.5,56,"invasive_child",0,0
0.5,57,"ASC2_male",-0.6,0
0.5,57,"ASC3_age",0,0
0.5,57,"cost_income",0,1
0.5,57,"prot25_child",0.8,0
0.5,57,"prot50_child",0,1
0.5,57,"invasive_child",-0.4,0
0.5,58,"ASC2_male",-0.7,0
0.5,58,"ASC3_age",0,0
0.5,58,"cost_income",0,0
0.5,58,"prot25_child",1.2,1
0.5,58,"prot50_child",0,1
0.5,58,"invasive_child",0.8,1
0.5,59,"ASC2_male",1,1
0.5,59,"ASC3_age",0.5,1
0.5,59,"cost_income",0,0
0.5,59,"prot25_child",0,1
0.5,59,"prot50_child",-1.2,0
0.5,59,"invasive_child",0,0
0.5,60,"ASC2_male",0,1
0.5,60,"ASC3_age",0,1
0.5,60,"cost_income",-0.8,1
0.5,60,"prot25_child",-0.7,1
0.5,60,"prot50_child",0,0
0.5,60,"invasive_child",-1,1
0.5,61,"ASC2_male",0.6,1
0.5,61,"ASC3_age",-1.1,0
0.5,61,"cost_income",0,0
0.5,61,"prot25_child",0,0
0.5,61,"prot50_child",0,0
0.5,61,"invasive_child",0.9,0
0.5,62,"ASC2_male",-1.1,1
0.5,62,"ASC3_age",0,0
0.5,62,"cost_income",-1,1
0.5,62,"prot25_child",0,1
0.5,62,"prot50_child",-0.4,1
0.5,62,"invasive_child",0,0
0.5,63,"ASC2_male",0.5,1
0.5,63,"ASC3_age",0,0
0.5,63,"cost_income",0.7,1
0.5,63,"prot25_child",0,0
0.5,63,"prot50_child",0,1
0.5,63,"invasive_child",-0.5,0
0.5,64,"ASC2_male",0,0
0.5,64,"ASC3_age",0,0
0.5,64,"cost_income",0,1
0.5,64,"prot25_child",0.5,0
0.5,64,"prot50_child",-0.6,1
0.5,64,"invasive_child",-0.8,0
0.5,65,"ASC2_male",0,0
0.5,65,"ASC3_age",0,1
0.5,65,"cost_income",-0.9,1
0.5,65,"prot25_child",-0.6,0
0.5,65,"prot50_child",0.5,1
0.5,65,"invasive_child",0,0
0.5,66,"ASC2_male",0,0
0.5,66,"ASC3_age",0,0
0.5,66,"cost_income",-0.8,0
0.5,66,"prot25_child",-1.1,1
0.5,66,"prot50_child",0,1
0.5,66,"invasive_child",-0.8,1
0.5,67,"ASC2_male",0.7,0
0.5,67,"ASC3_age",0,0
0.5,67,"cost_income",1.1,0
0.5,67,"prot25_child",0,1
0.5,67,"prot50_child",-0.5,0
0.5,67,"invasive_child",0,0
0.5,68,"ASC2_male",0,1
0.5,68,"ASC3_age",0.8,0
0.5,68,"cost_income",0.9,1
0.5,68,"prot25_child",0.6,0
0.5,68,"prot50_child",0,0
0.5,68,"invasive_child",0,1
0.5,69,"ASC2_male",0,1
0.5,69,"ASC3_age",0,0
0.5,69,"cost_income",-1,0
0.5,69,"prot25_child",-0.9,1
0.5,69,"prot50_child",0,0
0.5,69,"invasive_child",-1.1,1
0.5,70,"ASC2_male",-1,0
0.5,70,"ASC3_age",0,1
0.5,70,"cost_income",-0.4,0
0.5,70,"prot25_child",0,1
0.5,70,"prot50_child",0,0
0.5,70,"invasive_child",0.5,1
0.5,71,"ASC2_male",0.6,1
0.5,71,"ASC3_age",0,1
0.5,71,"cost_income",0,0
0.5,71,"prot25_child",0.6,1
0.5,71,"prot50_child",1.1,0
0.5,71,"invasive_child",0,1
0.5,72,"ASC2_male",-1,1
0.5,72,"ASC3_age",0,0
0.5,72,"cost_income",-1.1,0
0.5,72,"prot25_child",1.2,0
0.5,72,"prot50_child",0,0
0.5,72,"invasive_child",0,0
0.5,73,"ASC2_male",0,0
0.5,73,"ASC3_age",0,1
0.5,73,"cost_income",-1,1
0.5,73,"prot25_child",0.5,1
0.5,73,"prot50_child",0,0
0.5,73,"invasive_child",1,0
0.5,74,"ASC2_male",0,1
0.5,74,"ASC3_age",-0.9,1
0.5,74,"cost_income",0,0
0.5,74,"prot25_child",1.1,0
0.5,74,"prot50_child",0.5,1
0.5,74,"invasive_child",0,0
0.5,75,"ASC2_male",0.9,0
0.5,75,"ASC3_age",0,1
0.5,75,"cost_income",-0.6,1
0.5,75,"prot25_child",0,0
0.5,75,"prot50_child",0,1
0.5,75,"invasive_child",0.4,0
0.5,76,"ASC2_male",1,0
0.5,76,"ASC3_age",0,1
0.5,76,"cost_income",0.6,0
0.5,76,"prot25_child",0,1
0.5,76,"prot50_child",-0.4,1
0.5,76,"invasive_child",0,0
0.5,77,"ASC2_male",0,0
0.5,77,"ASC3_age",0.9,1
0.5,77,"cost_income",0.8,1
0.5,77,"prot25_child",0,0
0.5,77,"prot50_child",0,1
0.5,77,"invasive_child",-0.8,0
0.5,78,"ASC2_male",-1.1,1
0.5,78,"ASC3_age",0,1
0.5,78,"cost_income",0,1
0.5,78,"prot25_child",0,0
0.5,78,"prot50_child",-0.6,0
0.5,78,"invasive_child",-0.8,1
0.5,79,"ASC2_male",-0.4,1
0.5,79,"ASC3_age",0,0
0.5,79,"cost_income",0,1
0.5,79,"prot25_child",1,1
0.5,79,"prot50_child",0,1
0.5,79,"invasive_child",-0.9,1
0.5,80,"ASC2_male",0.6,1
0.5,80,"ASC3_age",0,1
0.5,80,"cost_income",0.6,0
0.5,80,"prot25_child",0.7,0
0.5,80,"prot50_child",0,1
0.5,80,"invasive_child",0,1
0.5,81,"ASC2_male",-0.5,0
0.5,81,"ASC3_age",0,1
0.5,81,"cost_income",-1,1
0.5,81,"prot25_child",0,1
0.5,81,"prot50_child",0,0
0.5,81,"invasive_child",1.1,1
0.5,82,"ASC2_male",-0.7,0
0.5,82,"ASC3_age",0,1
0.5,82,"cost_income",1,1
0.5,82,"prot25_child",0,0
0.5,82,"prot50_child",0,0
0.5,82,"invasive_child",-0.5,0
0.5,83,"ASC2_male",-0.8,1
0.5,83,"ASC3_age",0,0
0.5,83,"cost_income",0.6,0
0.5,83,"prot25_child",-1,1
0.5,83,"prot50_child",0,1
0.5,83,"invasive_child",0,0
0.5,84,"ASC2_male",0,1
0.5,84,"ASC3_age",0,0
0.5,84,"cost_income",-0.8,0
0.5,84,"prot25_child",0,1
0.5,84,"prot50_child",0.9,0
0.5,84,"invasive_child",0.6,0
0.5,85,"ASC2_male",1,0
0.5,85,"ASC3_age",0,0
0.5,85,"cost_income",0.8,0
0.5,85,"prot25_child",0,1
0.5,85,"prot50_child",-1,1
0.5,85,"invasive_child",0,1
0.5,86,"ASC2_male",0,0
0.5,86,"ASC3_age",0,0
0.5,86,"cost_income",0.6,1
0.5,86,"prot25_child",0,0
0.5,86,"prot50_child",-0.6,1
0.5,86,"invasive_child",0.5,0
0.5,87,"ASC2_male",-1,1
0.5,87,"ASC3_age",0,0
0.5,87,"cost_income",0,1
0.5,87,"prot25_child",0,1
0.5,87,"prot50_child",-0.6,1
0.5,87,"invasive_child",0.6,0
0.5,88,"ASC2_male",-0.8,1
0.5,88,"ASC3_age",0,0
0.5,88,"cost_income",0,0
0.5,88,"prot25_child",0,1
0.5,88,"prot50_child",0.8,0
0.5,88,"invasive_child",-0.5,0
0.5,89,"ASC2_male",-0.4,0
0.5,89,"ASC3_age",0.9,0
0.5,89,"cost_income",0,1
0.5,89,"prot25_child",0,1
0.5,89,"prot50_child",0.5,1
0.5,89,"invasive_child",0,1
0.5,90,"ASC2_male",0,1
0.5,90,"ASC3_age",0.4,1
0.5,90,"cost_income",-0.4,1
0.5,90,"prot25_child",0,1
0.5,90,"prot50_child",0,0
0.5,90,"invasive_child",0.5,0
0.5,91,"ASC2_male",0,0
0.5,91,"ASC3_age",-0.8,0
0.5,91,"cost_income",-0.9,1
0.5,91,"prot25_child",0,0
0.5,91,"prot50_child",0,1
0.5,91,"invasive_child",-1.1,0
0.5,92,"ASC2_male",0,1
0.5,92,"ASC3_age",0,1
0.5,92,"cost_income",0.9,1
0.5,92,"prot25_child",0.9,0
0.5,92,"prot50_child",0,0
0.5,92,"invasive_child",-0.9,0
0.5,93,"ASC2_male",0,0
0.5,93,"ASC3_age",0,0
0.5,93,"cost_income",0,1
0.5,93,"prot25_child",0.6,0
0.5,93,"prot50_child",-0.4,0
0.5,93,"invasive_child",-1.2,0
0.5,94,"ASC2_male",-0.8,0
0.5,94,"ASC3_age",0,1
0.5,94,"cost_income",-0.9,0
0.5,94,"prot25_child",1.2,1
0.5,94,"prot50_child",0,1
0.5,94,"invasive_child",0,0
0.5,95,"ASC2_male",-0.6,1
0.5,95,"ASC3_age",0,1
0.5,95,"cost_income",0,1
0.5,95,"prot25_child",-0.8,1
0.5,95,"prot50_child",1.1,1
0.5,95,"invasive_child",0,0
0.5,96,"ASC2_male",1,0
0.5,96,"ASC3_age",0,1
0.5,96,"cost_income",0.7,1
0.5,96,"prot25_child",0,0
0.5,96,"prot50_child",0,1
0.5,96,"invasive_child",-1.2,1
0.5,97,"ASC2_male",0,1
0.5,97,"ASC3_age",-0.8,0
0.5,97,"cost_income",0.9,0
0.5,97,"prot25_child",-0.7,1
0.5,97,"prot50_child",0,1
0.5,97,"invasive_child",0,1
0.5,98,"ASC2_male",1.1,1
0.5,98,"ASC3_age",-0.8,1
0.5,98,"cost_income",0,1
0.5,98,"prot25_child",0,1
0.5,98,"prot50_child",-1.2,0
0.5,98,"invasive_child",0,0
0.5,99,"ASC2_male",0,0
0.5,99,"ASC3_age",-1,1
0.5,99,"cost_income",0,1
0.5,99,"prot25_child",0,1
0.5,99,"prot50_child",-0.9,0
0.5,99,"invasive_child",0.6,1
0.5,100,"ASC2_male",0,0
0.5,100,"ASC3_age",-1.1,1
0.5,100,"cost_income",0.6,1
0.5,100,"prot25_child",0.6,0
0.5,100,"prot50_child",0,0
0.5,100,"invasive_child",0,1
0.5,101,"ASC2_male",-0.7,0
0.5,101,"ASC3_age",0,0
0.5,101,"cost_income",0,1
0.5,101,"prot25_child",-0.5,1
0.5,101,"prot50_child",-0.9,1
0.5,101,"invasive_child",0,0
0.5,102,"ASC2_male",0,0
0.5,102,"ASC3_age",-0.5,0
0.5,102,"cost_income",0,1
0.5,102,"prot25_child",0.8,0
0.5,102,"prot50_child",0,0
0.5,102,"invasive_child",-0.5,1
0.5,103,"ASC2_male",0,1
0.5,103,"ASC3_age",-0.6,0
0.5,103,"cost_income",-1,1
0.5,103,"prot25_child",0,1
0.5,103,"prot50_child",-0.6,0
0.5,103,"invasive_child",0,0
0.5,104,"ASC2_male",0,1
0.5,104,"ASC3_age",0,0
0.5,104,"cost_income",-1.1,1
0.5,104,"prot25_child",0,1
0.5,104,"prot50_child",-0.6,1
0.5,104,"invasive_child",-0.5,1
0.5,105,"ASC2_male",0,0
0.5,105,"ASC3_age",-0.7,1
0.5,105,"cost_income",-0.7,0
0.5,105,"prot25_child",1,0
0.5,105,"prot50_child",0,1
0.5,105,"invasive_child",0,1
0.5,106,"ASC2_male",0,0
0.5,106,"ASC3_age",1.1,0
0.5,106,"cost_income",0,1
0.5,106,"prot25_child",0,1
0.5,106,"prot50_child",-1,1
0.5,106,"invasive_child",0.8,0
0.5,107,"ASC2_male",-0.6,0
0.5,107,"ASC3_age",-0.7,1
0.5,107,"cost_income",0,0
0.5,107,"prot25_child",0,1
0.5,107,"prot50_child",0.8,1
0.5,107,"invasive_child",0,0
0.5,108,"ASC2_male",0,1
0.5,108,"ASC3_age",0.6,0
0.5,108,"cost_income",0,1
0.5,108,"prot25_child",0.9,0
0.5,108,"prot50_child",0,1
0.5,108,"invasive_child",0.9,0
0.5,109,"ASC2_male",0,1
0.5,109,"ASC3_age",0.6,1
0.5,109,"cost_income",1.1,0
0.5,109,"prot25_child",0,1
0.5,109,"prot50_child",0,1
0.5,109,"invasive_child",1.1,0
0.5,110,"ASC2_male",-0.7,1
0.5,110,"ASC3_age",-0.4,1
0.5,110,"cost_income",0,1
0.5,110,"prot25_child",0,1
0.5,110,"prot50_child",0,1
0.5,110,"invasive_child",0.8,1
0.5,111,"ASC2_male",0,1
0.5,111,"ASC3_age",-0.9,0
0.5,111,"cost_income",0,1
0.5,111,"prot25_child",-1.1,0
0.5,111,"prot50_child",0.4,1
0.5,111,"invasive_child",0,0
0.5,112,"ASC2_male",0,1
0.5,112,"ASC3_age",0,0
0.5,112,"cost_income",1.1,1
0.5,112,"prot25_child",0.7,0
0.5,112,"prot50_child",0.8,0
0.5,112,"invasive_child",0,1
0.5,113,"ASC2_male",0,0
0.5,113,"ASC3_age",0,0
0.5,113,"cost_income",-1.1,1
0.5,113,"prot25_child",-0.9,0
0.5,113,"prot50_child",1.1,1
0.5,113,"invasive_child",0,0
0.5,114,"ASC2_male",-0.6,1
0.5,114,"ASC3_age",0,0
0.5,114,"cost_income",0,1
0.5,114,"prot25_child",0,0
0.5,114,"prot50_child",-1,0
0.5,114,"invasive_child",0.5,0
0.5,115,"ASC2_male",0,1
0.5,115,"ASC3_age",0,0
0.5,115,"cost_income",0.6,0
0.5,115,"prot25_child",0.9,1
0.5,115,"prot50_child",0,0
0.5,115,"invasive_child",-0.4,1
0.5,116,"ASC2_male",0,0
0.5,116,"ASC3_age",0,1
0.5,116,"cost_income",-0.5,0
0.5,116,"prot25_child",0,1
0.5,116,"prot50_child",-0.6,1
0.5,116,"invasive_child",0.6,0
0.5,117,"ASC2_male",0,1
0.5,117,"ASC3_age",0.9,1
0.5,117,"cost_income",0,1
0.5,117,"prot25_child",-0.8,1
0.5,117,"prot50_child",0.9,0
0.5,117,"invasive_child",0,0
0.5,118,"ASC2_male",0,1
0.5,118,"ASC3_age",0,1
0.5,118,"cost_income",0,1
0.5,118,"prot25_child",0.5,0
0.5,118,"prot50_child",-0.9,1
0.5,118,"invasive_child",0.7,1
0.5,119,"ASC2_male",0.9,1
0.5,119,"ASC3_age",0.7,0
0.5,119,"cost_income",0.8,0
0.5,119,"prot25_child",0,0
0.5,119,"prot50_child",0,1
0.5,119,"invasive_child",0,1
0.5,120,"ASC2_male",0,0
0.5,120,"ASC3_age",1,1
0.5,120,"cost_income",0,1
0.5,120,"prot25_child",0,1
0.5,120,"prot50_child",-0.6,0
0.5,120,"invasive_child",1,1
0.5,121,"ASC2_male",0,0
0.5,121,"ASC3_age",-0.7,0
0.5,121,"cost_income",0.8,0
0.5,121,"prot25_child",0,0
0.5,121,"prot50_child",-1,0
0.5,121,"invasive_child",0,1
0.5,122,"ASC2_male",0,1
0.5,122,"ASC3_age",0,0
0.5,122,"cost_income",0.6,1
0.5,122,"prot25_child",-0.7,0
0.5,122,"prot50_child",0,0
0.5,122,"invasive_child",-0.7,1
0.5,123,"ASC2_male",0,0
0.5,123,"ASC3_age",-1,0
0.5,123,"cost_income",-0.5,1
0.5,123,"prot25_child",-0.6,0
0.5,123,"prot50_child",0,1
0.5,123,"invasive_child",0,0
0.5,124,"ASC2_male",-0.7,0
0.5,124,"ASC3_age",0,0
0.5,124,"cost_income",-0.8,1
0.5,124,"prot25_child",0,1
0.5,124,"prot50_child",-1.2,0
0.5,124,"invasive_child",0,1
0.5,125,"ASC2_male",1.1,1
0.5,125,"ASC3_age",1,0
0.5,125,"cost_income",0,0
0.5,125,"prot25_child",0,1
0.5,125,"prot50_child",-0.6,1
0.5,125,"invasive_child",0,1
0.5,126,"ASC2_male",1.1,0
0.5,126,"ASC3_age",0,0
0.5,126,"cost_income",-0.9,0
0.5,126,"prot25_child",0.9,0
0.5,126,"prot50_child",0,0
0.5,126,"invasive_child",0,1
0.5,127,"ASC2_male",0,0
0.5,127,"ASC3_age",0.9,0
0.5,127,"cost_income",0,0
0.5,127,"prot25_child",-1,0
0.5,127,"prot50_child",0,0
0.5,127,"invasive_child",-0.7,0
0.5,128,"ASC2_male",0,0
0.5,128,"ASC3_age",0,0
0.5,128,"cost_income",0,0
0.5,128,"prot25_child",-0.8,0
0.5,128,"prot50_child",-0.8,0
0.5,128,"invasive_child",1.2,0
0.5,129,"ASC2_male",0,0
0.5,129,"ASC3_age",0,0
0.5,129,"cost_income",0.7,0
0.5,129,"prot25_child",0.5,0
0.5,129,"prot50_child",-0.4,0
0.5,129,"invasive_child",0,0
0.5,130,"ASC2_male",0,0
0.5,130,"ASC3_age",0,0
0.5,130,"cost_income",-1,0
0.5,130,"prot25_child",0,0
0.5,130,"prot50_child",-0.5,0
0.5,130,"invasive_child",-0.5,0
0.5,131,"ASC2_male",0.8,0
0.5,131,"ASC3_age",-0.6,0
0.5,131,"cost_income",0,0
0.5,131,"prot25_child",0,0
0.5,131,"prot50_child",0.7,0
0.5,131,"invasive_child",0,0
0.5,132,"ASC2_male",0.7,0
0.5,132,"ASC3_age",0,0
0.5,132,"cost_income",0,0
0.5,132,"prot25_child",0,0
0.5,132,"prot50_child",0.6,0
0.5,132,"invasive_child",-0.4,0
0.5,133,"ASC2_male",0,0
0.5,133,"ASC3_age",-1,0
0.5,133,"cost_income",-1,0
0.5,133,"prot25_child",0,0
0.5,133,"prot50_child",0.5,0
0.5,133,"invasive_child",0,0
0.5,134,"ASC2_male",0,0
0.5,134,"ASC3_age",0,0
0.5,134,"cost_income",1.2,0
0.5,134,"prot25_child",0,0
0.5,134,"prot50_child",-0.6,0
0.5,134,"invasive_child",0.5,0
0.5,135,"ASC2_male",0,0
0.5,135,"ASC3_age",0,0
0.5,135,"cost_income",1.1,0
0.5,135,"prot25_child",0,1
0.5,135,"prot50_child",0.5,0
0.5,135,"invasive_child",-1,0
0.5,136,"ASC2_male",-1.2,0
0.5,136,"ASC3_age",-1.2,0
0.5,136,"cost_income",0,0
0.5,136,"prot25_child",0,0
0.5,136,"prot50_child",0,0
0.5,136,"invasive_child",1.1,0
0.5,137,"ASC2_male",1.2,0
0.5,137,"ASC3_age",-1.1,0
0.5,137,"cost_income",0,0
0.5,137,"prot25_child",0,0
0.5,137,"prot50_child",-0.8,0
0.5,137,"invasive_child",0,1
0.5,138,"ASC2_male",0,1
0.5,138,"ASC3_age",0,0
0.5,138,"cost_income",-0.9,0
0.5,138,"prot25_child",-0.6,0
0.5,138,"prot50_child",1.1,0
0.5,138,"invasive_child",0,0
0.5,139,"ASC2_male",-1.1,0
0.5,139,"ASC3_age",-1.2,0
0.5,139,"cost_income",0,0
0.5,139,"prot25_child",-0.9,0
0.5,139,"prot50_child",0,0
0.5,139,"invasive_child",0,0
0.5,140,"ASC2_male",-0.9,0
0.5,140,"ASC3_age",0,0
0.5,140,"cost_income",-0.7,0
0.5,140,"prot25_child",0,0
0.5,140,"prot50_child",-0.5,0
0.5,140,"invasive_child",0,0
0.5,141,"ASC2_male",0,0
0.5,141,"ASC3_age",0,0
0.5,141,"cost_income",0.9,0
0.5,141,"prot25_child",0.9,1
0.5,141,"prot50_child",0.5,0
0.5,141,"invasive_child",0,0
0.5,142,"ASC2_male",0,0
0.5,142,"ASC3_age",0,0
0.5,142,"cost_income",0,0
0.5,142,"prot25_child",-0.8,0
0.5,142,"prot50_child",0.9,0
0.5,142,"invasive_child",-0.5,0
0.5,143,"ASC2_male",0,0
0.5,143,"ASC3_age",0.4,0
0.5,143,"cost_income",0.9,0
0.5,143,"prot25_child",0,0
0.5,143,"prot50_child",-1.1,0
0.5,143,"invasive_child",0,0
0.5,144,"ASC2_male",-0.7,0
0.5,144,"ASC3_age",1,0
0.5,144,"cost_income",0,0
0.5,144,"prot25_child",0,0
0.5,144,"prot50_child",0,0
0.5,144,"invasive_child",0.7,0
0.5,145,"ASC2_male",0,0
0.5,145,"ASC3_age",-0.6,0
0.5,145,"cost_income",0.6,0
0.5,145,"prot25_child",-1,0
0.5,145,"prot50_child",0,0
0.5,145,"invasive_child",0,0
0.5,146,"ASC2_male",0,0
0.5,146,"ASC3_age",1.2,0
0.5,146,"cost_income",0,0
0.5,146,"prot25_child",0.9,0
0.5,146,"prot50_child",0,0
0.5,146,"invasive_child",0.9,0
0.5,147,"ASC2_male",0.6,0
0.5,147,"ASC3_age",0,1
0.5,147,"cost_income",-0.8,0
0.5,147,"prot25_child",0,0
0.5,147,"prot50_child",-0.9,0
0.5,147,"invasive_child",0,0
0.5,148,"ASC2_male",1,0
0.5,148,"ASC3_age",0,0
0.5,148,"cost_income",0,0
0.5,148,"prot25_child",1.1,0
0.5,148,"prot50_child",-0.7,0
0.5,148,"invasive_child",0,0
0.5,149,"ASC2_male",-0.6,0
0.5,149,"ASC3_age",0,0
0.5,149,"cost_income",-0.4,0
0.5,149,"prot25_child",0,0
0.5,149,"prot50_child",1,0
0.5,149,"invasive_child",0,0
0.5,150,"ASC2_male",-1.2,0
0.5,150,"ASC3_age",-1.2,0
0.5,150,"cost_income",-0.7,0
0.5,150,"prot25_child",0,0
0.5,150,"prot50_child",0,0
0.5,150,"invasive_child",0,0
0.5,151,"ASC2_male",0,0
0.5,151,"ASC3_age",0,0
0.5,151,"cost_income",0,0
0.5,151,"prot25_child",0.6,0
0.5,151,"prot50_child",0.7,0
0.5,151,"invasive_child",-1.1,0
0.5,152,"ASC2_male",-0.7,0
0.5,152,"ASC3_age",0,0
0.5,152,"cost_income",-1.2,0
0.5,152,"prot25_child",0,0
0.5,152,"prot50_child",0,0
0.5,152,"invasive_child",0.4,0
0.5,153,"ASC2_male",0,0
0.5,153,"ASC3_age",-0.8,0
0.5,153,"cost_income",0.4,0
0.5,153,"prot25_child",0,0
0.5,153,"prot50_child",0,0
0.5,153,"invasive_child",-0.9,0
0.5,154,"ASC2_male",0,0
0.5,154,"ASC3_age",0,0
0.5,154,"cost_income",0,0
0.5,154,"prot25_child",-0.8,0
0.5,154,"prot50_child",0.8,0
0.5,154,"invasive_child",-0.8,1
0.5,155,"ASC2_male",0.4,0
0.5,155,"ASC3_age",0.6,0
0.5,155,"cost_income",0.7,0
0.5,155,"prot25_child",0,0
0.5,155,"prot50_child",0,0
0.5,155,"invasive_child",0,0
0.5,156,"ASC2_male",0,0
0.5,156,"ASC3_age",0,0
0.5,156,"cost_income",1,0
0.5,156,"prot25_child",0.4,0
0.5,156,"prot50_child",0.5,0
0.5,156,"invasive_child",0,1
0.5,157,"ASC2_male",-1,1
0.5,157,"ASC3_age",0,0
0.5,157,"cost_income",-0.7,0
0.5,157,"prot25_child",1.2,0
0.5,157,"prot50_child",0,0
0.5,157,"invasive_child",0,0
0.5,158,"ASC2_male",-0.6,0
0.5,158,"ASC3_age",1,0
0.5,158,"cost_income",1,0
0.5,158,"prot25_child",0,0
0.5,158,"prot50_child",0,0
0.5,158,"invasive_child",0,0
0.5,159,"ASC2_male",0.8,0
0.5,159,"ASC3_age",-0.7,0
0.5,159,"cost_income",-0.8,0
0.5,159,"prot25_child",0,0
0.5,159,"prot50_child",0,0
0.5,159,"invasive_child",0,0
0.5,160,"ASC2_male",0.8,0
0.5,160,"ASC3_age",0,0
0.5,160,"cost_income",1.1,0
0.5,160,"prot25_child",0,0
0.5,160,"prot50_child",0.6,0
0.5,160,"invasive_child",0,0
0.5,161,"ASC2_male",0.6,0
0.5,161,"ASC3_age",0,0
0.5,161,"cost_income",-0.5,0
0.5,161,"prot25_child",0.8,0
0.5,161,"prot50_child",0,0
0.5,161,"invasive_child",0,0
0.5,162,"ASC2_male",0,1
0.5,162,"ASC3_age",0.8,0
0.5,162,"cost_income",0,0
0.5,162,"prot25_child",0.8,0
0.5,162,"prot50_child",0.6,0
0.5,162,"invasive_child",0,0
0.5,163,"ASC2_male",0,0
0.5,163,"ASC3_age",-0.6,0
0.5,163,"cost_income",0.9,0
0.5,163,"prot25_child",0,0
0.5,163,"prot50_child",0,0
0.5,163,"invasive_child",-0.6,0
0.5,164,"ASC2_male",0,0
0.5,164,"ASC3_age",-0.7,0
0.5,164,"cost_income",0,0
0.5,164,"prot25_child",0,0
0.5,164,"prot50_child",-1.1,0
0.5,164,"invasive_child",1.2,0
0.5,165,"ASC2_male",1.1,0
0.5,165,"ASC3_age",0,0
0.5,165,"cost_income",0.9,0
0.5,165,"prot25_child",0,0
0.5,165,"prot50_child",0,0
0.5,165,"invasive_child",-0.7,0
0.5,166,"ASC2_male",0,0
0.5,166,"ASC3_age",0.8,0
0.5,166,"cost_income",0,0
0.5,166,"prot25_child",0,0
0.5,166,"prot50_child",-1.2,0
0.5,166,"invasive_child",-0.9,0
0.5,167,"ASC2_male",-0.7,0
0.5,167,"ASC3_age",0,0
0.5,167,"cost_income",0.6,0
0.5,167,"prot25_child",0,0
0.5,167,"prot50_child",0,0
0.5,167,"invasive_child",-0.8,0
0.5,168,"ASC2_male",-1.1,0
0.5,168,"ASC3_age",1.2,0
0.5,168,"cost_income",0,0
0.5,168,"prot25_child",0,0
0.5,168,"prot50_child",-0.9,0
0.5,168,"invasive_child",0,0
0.5,169,"ASC2_male",-0.5,0
0.5,169,"ASC3_age",0,0
0.5,169,"cost_income",1,0
0.5,169,"prot25_child",0,0
0.5,169,"prot50_child",0,0
0.5,169,"invasive_child",-1.1,0
0.5,170,"ASC2_male",0.6,0
0.5,170,"ASC3_age",-1.1,0
0.5,170,"cost_income",0,0
0.5,170,"prot25_child",0,0
0.5,170,"prot50_child",0,0
0.5,170,"invasive_child",-1,0
0.5,171,"ASC2_male",0,0
0.5,171,"ASC3_age",-0.8,0
0.5,171,"cost_income",0,0
0.5,171,"prot25_child",0.4,0
0.5,171,"prot50_child",0.9,0
0.5,171,"invasive_child",0,0
0.5,172,"ASC2_male",0,0
0.5,172,"ASC3_age",-0.6,1
0.5,172,"cost_income",-1.1,0
0.5,172,"prot25_child",1,0
0.5,172,"prot50_child",0,0
0.5,172,"invasive_child",0,0
0.5,173,"ASC2_male",-0.7,1
0.5,173,"ASC3_age",0,0
0.5,173,"cost_income",0,0
0.5,173,"prot25_child",0.8,0
0.5,173,"prot50_child",-0.9,0
0.5,173,"invasive_child",0,0
0.5,174,"ASC2_male",0,0
0.5,174,"ASC3_age",0.9,0
0.5,174,"cost_income",0,0
0.5,174,"prot25_child",1.1,0
0.5,174,"prot50_child",0,0
0.5,174,"invasive_child",0.8,0
0.5,175,"ASC2_male",0.8,0
0.5,175,"ASC3_age",0,0
0.5,175,"cost_income",-0.5,0
0.5,175,"prot25_child",0.8,0
0.5,175,"prot50_child",0,0
0.5,175,"invasive_child",0,0
0.5,176,"ASC2_male",0.5,0
0.5,176,"ASC3_age",0.8,0
0.5,176,"cost_income",0,0
0.5,176,"prot25_child",0,0
0.5,176,"prot50_child",1.1,0
0.5,176,"invasive_child",0,0
0.5,177,"ASC2_male",0,0
0.5,177,"ASC3_age",0.4,0
0.5,177,"cost_income",-0.6,0
0.5,177,"prot25_child",0.6,0
0.5,177,"prot50_child",0,0
0.5,177,"invasive_child",0,0
0.5,178,"ASC2_male",1,0
0.5,178,"ASC3_age",0,0
0.5,178,"cost_income",0,0
0.5,178,"prot25_child",-0.5,0
0.5,178,"prot50_child",0,0
0.5,178,"invasive_child",1,0
0.5,179,"ASC2_male",0,0
0.5,179,"ASC3_age",-0.5,0
0.5,179,"cost_income",-1,0
0.5,179,"prot25_child",0,0
0.5,179,"prot50_child",0.6,0
0.5,179,"invasive_child",0,0
0.5,180,"ASC2_male",0,0
0.5,180,"ASC3_age",0,0
0.5,180,"cost_income",0,0
0.5,180,"prot25_child",1.2,0
0.5,180,"prot50_child",1.1,0
0.5,180,"invasive_child",1,0
0.5,181,"ASC2_male",-0.5,0
0.5,181,"ASC3_age",0,0
0.5,181,"cost_income",1.1,0
0.5,181,"prot25_child",0,0
0.5,181,"prot50_child",0,0
0.5,181,"invasive_child",0.8,0
0.5,182,"ASC2_male",-0.8,0
0.5,182,"ASC3_age",0,0
0.5,182,"cost_income",0,0
0.5,182,"prot25_child",-1,0
0.5,182,"prot50_child",0,0
0.5,182,"invasive_child",-0.5,0
0.5,183,"ASC2_male",-1.1,0
0.5,183,"ASC3_age",0,0
0.5,183,"cost_income",0,0
0.5,183,"prot25_child",0.6,0
0.5,183,"prot50_child",0,0
0.5,183,"invasive_child",-0.5,0
0.5,184,"ASC2_male",0,0
0.5,184,"ASC3_age",-1.1,0
0.5,184,"cost_income",0,0
0.5,184,"prot25_child",-0.4,0
0.5,184,"prot50_child",0,0
0.5,184,"invasive_child",-0.7,0
0.5,185,"ASC2_male",0.6,0
0.5,185,"ASC3_age",-1.1,0
0.5,185,"cost_income",-0.9,0
0.5,185,"prot25_child",0,0
0.5,185,"prot50_child",0,0
0.5,185,"invasive_child",0,0
0.5,186,"ASC2_male",1,0
0.5,186,"ASC3_age",-0.7,0
0.5,186,"cost_income",0,1
0.5,186,"prot25_child",-0.9,1
0.5,186,"prot50_child",0,0
0.5,186,"invasive_child",0,0
0.5,187,"ASC2_male",0,0
0.5,187,"ASC3_age",0,0
0.5,187,"cost_income",0,0
0.5,187,"prot25_child",1.1,0
0.5,187,"prot50_child",-0.6,0
0.5,187,"invasive_child",-0.7,0
0.5,188,"ASC2_male",0,1
0.5,188,"ASC3_age",0,0
0.5,188,"cost_income",-0.6,0
0.5,188,"prot25_child",0.6,0
0.5,188,"prot50_child",0.4,0
0.5,188,"invasive_child",0,0
0.5,189,"ASC2_male",0,0
0.5,189,"ASC3_age",0.8,0
0.5,189,"cost_income",0,0
0.5,189,"prot25_child",0.5,0
0.5,189,"prot50_child",0,0
0.5,189,"invasive_child",-0.6,0
0.5,190,"ASC2_male",0,0
0.5,190,"ASC3_age",0.9,0
0.5,190,"cost_income",-0.8,0
0.5,190,"prot25_child",-0.9,0
0.5,190,"prot50_child",0,0
0.5,190,"invasive_child",0,0
0.5,191,"ASC2_male",-0.6,0
0.5,191,"ASC3_age",0,0
0.5,191,"cost_income",0,0
0.5,191,"prot25_child",0,0
0.5,191,"prot50_child",-0.4,0
0.5,191,"invasive_child",-0.5,0
0.5,192,"ASC2_male",0,1
0.5,192,"ASC3_age",0,0
0.5,192,"cost_income",0.6,0
0.5,192,"prot25_child",-0.5,0
0.5,192,"prot50_child",-0.9,0
0.5,192,"invasive_child",0,0
0.5,193,"ASC2_male",-1.2,0
0.5,193,"ASC3_age",-0.9,0
0.5,193,"cost_income",0,0
0.5,193,"prot25_child",0.7,0
0.5,193,"prot50_child",0,0
0.5,193,"invasive_child",0,0
0.5,194,"ASC2_male",0.7,0
0.5,194,"ASC3_age",0,0
0.5,194,"cost_income",-1.1,0
0.5,194,"prot25_child",0,0
0.5,194,"prot50_child",0.8,0
0.5,194,"invasive_child",0,0
0.5,195,"ASC2_male",0.8,0
0.5,195,"ASC3_age",0,1
0.5,195,"cost_income",0.4,0
0.5,195,"prot25_child",0,0
0.5,195,"prot50_child",0,0
0.5,195,"invasive_child",-1.1,0
0.5,196,"ASC2_male",0,0
0.5,196,"ASC3_age",1,0
0.5,196,"cost_income",0,1
0.5,196,"prot25_child",0,0
0.5,196,"prot50_child",0.8,0
0.5,196,"invasive_child",-1.1,0
0.5,197,"ASC2_male",0,0
0.5,197,"ASC3_age",0.8,0
0.5,197,"cost_income",-0.7,0
0.5,197,"prot25_child",-0.8,0
0.5,197,"prot50_child",0,0
0.5,197,"invasive_child",0,0
0.5,198,"ASC2_male",0,0
0.5,198,"ASC3_age",0,0
0.5,198,"cost_income",1.2,0
0.5,198,"prot25_child",0.7,0
0.5,198,"prot50_child",-0.5,0
0.5,198,"invasive_child",0,0
0.5,199,"ASC2_male",0,0
0.5,199,"ASC3_age",0.9,0
0.5,199,"cost_income",-0.8,0
0.5,199,"prot25_child",0,0
0.5,199,"prot50_child",0,0
0.5,199,"invasive_child",-0.8,0
0.5,200,"ASC2_male",-0.7,0
0.5,200,"ASC3_age",0,0
0.5,200,"cost_income",1.2,0
0.5,200,"prot25_child",0,0
0.5,200,"prot50_child",0.9,0
0.5,200,"invasive_child",0,0
0.5,201,"ASC2_male",0,0
0.5,201,"ASC3_age",-0.4,0
0.5,201,"cost_income",0,0
0.5,201,"prot25_child",0,0
0.5,201,"prot50_child",0.9,0
0.5,201,"invasive_child",0.4,0
0.5,202,"ASC2_male",0,1
0.5,202,"ASC3_age",-1.1,0
0.5,202,"cost_income",0,0
0.5,202,"prot25_child",-0.5,0
0.5,202,"prot50_child",0.5,0
0.5,202,"invasive_child",0,0
0.5,203,"ASC2_male",0,1
0.5,203,"ASC3_age",0,0
0.5,203,"cost_income",0.9,0
0.5,203,"prot25_child",0.4,0
0.5,203,"prot50_child",0,0
0.5,203,"invasive_child",1,0
0.5,204,"ASC2_male",0,0
0.5,204,"ASC3_age",1.1,0
0.5,204,"cost_income",0.9,0
0.5,204,"prot25_child",-0.6,0
0.5,204,"prot50_child",0,0
0.5,204,"invasive_child",0,0
0.5,205,"ASC2_male",0,0
0.5,205,"ASC3_age",-0.7,0
0.5,205,"cost_income",0.5,0
0.5,205,"prot25_child",0,0
0.5,205,"prot50_child",0.5,0
0.5,205,"invasive_child",0,0
0.5,206,"ASC2_male",-0.9,0
0.5,206,"ASC3_age",0,0
0.5,206,"cost_income",0,0
0.5,206,"prot25_child",1.1,0
0.5,206,"prot50_child",0.6,0
0.5,206,"invasive_child",0,0
0.5,207,"ASC2_male",0,0
0.5,207,"ASC3_age",0,0
0.5,207,"cost_income",0.7,0
0.5,207,"prot25_child",0,0
0.5,207,"prot50_child",0.8,0
0.5,207,"invasive_child",-1.1,0
0.5,208,"ASC2_male",0,0
0.5,208,"ASC3_age",-0.5,0
0.5,208,"cost_income",0.7,0
0.5,208,"prot25_child",0,0
0.5,208,"prot50_child",-1.1,0
0.5,208,"invasive_child",0,0
0.5,209,"ASC2_male",0,0
0.5,209,"ASC3_age",-1,0
0.5,209,"cost_income",-0.5,0
0.5,209,"prot25_child",0.5,0
0.5,209,"prot50_child",0,0
0.5,209,"invasive_child",0,0
0.5,210,"ASC2_male",-0.9,0
0.5,210,"ASC3_age",0,1
0.5,210,"cost_income",0,0
0.5,210,"prot25_child",-1,0
0.5,210,"prot50_child",-1.2,0
0.5,210,"invasive_child",0,0
0.5,211,"ASC2_male",0,0
0.5,211,"ASC3_age",-0.5,0
0.5,211,"cost_income",0,0
0.5,211,"prot25_child",0,0
0.5,211,"prot50_child",0.8,0
0.5,211,"invasive_child",-0.8,0
0.5,212,"ASC2_male",0,0
0.5,212,"ASC3_age",-0.4,0
0.5,212,"cost_income",0,0
0.5,212,"prot25_child",-1,0
0.5,212,"prot50_child",-0.7,0
0.5,212,"invasive_child",0,0
0.5,213,"ASC2_male",0,0
0.5,213,"ASC3_age",-0.9,0
0.5,213,"cost_income",-0.6,0
0.5,213,"prot25_child",0,0
0.5,213,"prot50_child",-0.7,1
0.5,213,"invasive_child",0,0
0.5,214,"ASC2_male",0,0
0.5,214,"ASC3_age",0.8,0
0.5,214,"cost_income",0.7,0
0.5,214,"prot25_child",0,0
0.5,214,"prot50_child",0,0
0.5,214,"invasive_child",-0.7,0
0.5,215,"ASC2_male",0,0
0.5,215,"ASC3_age",-0.4,0
0.5,215,"cost_income",0,0
0.5,215,"prot25_child",0.9,0
0.5,215,"prot50_child",0,0
0.5,215,"invasive_child",-1.1,0
0.5,216,"ASC2_male",0,0
0.5,216,"ASC3_age",0,0
0.5,216,"cost_income",-1.1,0
0.5,216,"prot25_child",0,0
0.5,216,"prot50_child",-0.6,0
0.5,216,"invasive_child",0.8,0
0.5,217,"ASC2_male",0,0
0.5,217,"ASC3_age",0,0
0.5,217,"cost_income",0.6,0
0.5,217,"prot25_child",-1.1,0
0.5,217,"prot50_child",0.6,1
0.5,217,"invasive_child",0,0
0.5,218,"ASC2_male",-0.5,0
0.5,218,"ASC3_age",1.1,0
0.5,218,"cost_income",1.1,0
0.5,218,"prot25_child",0,0
0.5,218,"prot50_child",0,0
0.5,218,"invasive_child",0,0
0.5,219,"ASC2_male",-0.5,0
0.5,219,"ASC3_age",-0.5,0
0.5,219,"cost_income",0,0
0.5,219,"prot25_child",0.9,0
0.5,219,"prot50_child",0,0
0.5,219,"invasive_child",0,0
0.5,220,"ASC2_male",0,0
0.5,220,"ASC3_age",0,0
0.5,220,"cost_income",1,0
0.5,220,"prot25_child",0,0
0.5,220,"prot50_child",1.1,0
0.5,220,"invasive_child",-1,0
0.5,221,"ASC2_male",0,0
0.5,221,"ASC3_age",-1,0
0.5,221,"cost_income",0,1
0.5,221,"prot25_child",0,0
0.5,221,"prot50_child",-0.8,0
0.5,221,"invasive_child",-1.1,0
0.5,222,"ASC2_male",0,0
0.5,222,"ASC3_age",-0.8,1
0.5,222,"cost_income",0,0
0.5,222,"prot25_child",0.6,0
0.5,222,"prot50_child",-0.7,0
0.5,222,"invasive_child",0,0
0.5,223,"ASC2_male",0,0
0.5,223,"ASC3_age",0.5,0
0.5,223,"cost_income",0,0
0.5,223,"prot25_child",-1,0
0.5,223,"prot50_child",-1,0
0.5,223,"invasive_child",0,0
0.5,224,"ASC2_male",0.5,0
0.5,224,"ASC3_age",0.9,0
0.5,224,"cost_income",0,0
0.5,224,"prot25_child",0,0
0.5,224,"prot50_child",0.5,0
0.5,224,"invasive_child",0,0
0.5,225,"ASC2_male",-1,0
0.5,225,"ASC3_age",0.6,0
0.5,225,"cost_income",0,0
0.5,225,"prot25_child",0,0
0.5,225,"prot50_child",0,0
0.5,225,"invasive_child",-0.5,0
0.5,226,"ASC2_male",0,0
0.5,226,"ASC3_age",-0.7,0
0.5,226,"cost_income",-0.6,0
0.5,226,"prot25_child",-0.8,0
0.5,226,"prot50_child",0,0
0.5,226,"invasive_child",0,1
0.5,227,"ASC2_male",0,0
0.5,227,"ASC3_age",0,0
0.5,227,"cost_income",0.7,0
0.5,227,"prot25_child",0.5,0
0.5,227,"prot50_child",0,0
0.5,227,"invasive_child",-0.5,0
0.5,228,"ASC2_male",0.5,0
0.5,228,"ASC3_age",0,0
0.5,228,"cost_income",0,0
0.5,228,"prot25_child",-0.5,0
0.5,228,"prot50_child",0,0
0.5,228,"invasive_child",-0.6,0
0.5,229,"ASC2_male",0,0
0.5,229,"ASC3_age",0.8,1
0.5,229,"cost_income",-1,0
0.5,229,"prot25_child",0,0
0.5,229,"prot50_child",0,0
0.5,229,"invasive_child",0.7,0
0.5,230,"ASC2_male",-0.5,0
0.5,230,"ASC3_age",0.8,0
0.5,230,"cost_income",0,0
0.5,230,"prot25_child",0.9,1
0.5,230,"prot50_child",0,0
0.5,230,"invasive_child",0,0
0.5,231,"ASC2_male",-0.5,0
0.5,231,"ASC3_age",0,0
0.5,231,"cost_income",0,0
0.5,231,"prot25_child",1.1,0
0.5,231,"prot50_child",0,0
0.5,231,"invasive_child",0.8,1
0.5,232,"ASC2_male",0,0
0.5,232,"ASC3_age",-0.9,0
0.5,232,"cost_income",0.4,0
0.5,232,"prot25_child",0.7,0
0.5,232,"prot50_child",0,0
0.5,232,"invasive_child",0,0
0.5,233,"ASC2_male",0,0
0.5,233,"ASC3_age",0.5,0
0.5,233,"cost_income",0,0
0.5,233,"prot25_child",0,0
0.5,233,"prot50_child",1,0
0.5,233,"invasive_child",0.6,0
0.5,234,"ASC2_male",-0.5,0
0.5,234,"ASC3_age",0.7,0
0.5,234,"cost_income",0,1
0.5,234,"prot25_child",-1.1,0
0.5,234,"prot50_child",0,0
0.5,234,"invasive_child",0,0
0.5,235,"ASC2_male",0,0
0.5,235,"ASC3_age",0,0
0.5,235,"cost_income",0.5,0
0.5,235,"prot25_child",-0.8,0
0.5,235,"prot50_child",-0.8,0
0.5,235,"invasive_child",0,0
0.5,236,"ASC2_male",-0.7,0
0.5,236,"ASC3_age",0.9,0
0.5,236,"cost_income",0,0
0.5,236,"prot25_child",0.7,1
0.5,236,"prot50_child",0,0
0.5,236,"invasive_child",0,1
0.5,237,"ASC2_male",0,0
0.5,237,"ASC3_age",0,0
0.5,237,"cost_income",0.5,0
0.5,237,"prot25_child",-1,0
0.5,237,"prot50_child",0.5,0
0.5,237,"invasive_child",0,0
0.5,238,"ASC2_male",1.1,0
0.5,238,"ASC3_age",-0.8,0
0.5,238,"cost_income",0,0
0.5,238,"prot25_child",0,0
0.5,238,"prot50_child",0,0
0.5,238,"invasive_child",0.5,0
0.5,239,"ASC2_male",0,0
0.5,239,"ASC3_age",-0.8,0
0.5,239,"cost_income",0,0
0.5,239,"prot25_child",-0.4,0
0.5,239,"prot50_child",0,0
0.5,239,"invasive_child",0.5,0
0.5,240,"ASC2_male",0.9,0
0.5,240,"ASC3_age",0,0
0.5,240,"cost_income",0,0
0.5,240,"prot25_child",-1.1,0
0.5,240,"prot50_child",0,0
0.5,240,"invasive_child",-1.1,0
0.5,241,"ASC2_male",0,0
0.5,241,"ASC3_age",0,0
0.5,241,"cost_income",0.7,0
0.5,241,"prot25_child",0.8,0
0.5,241,"prot50_child",0.5,1
0.5,241,"invasive_child",0,0
0.5,242,"ASC2_male",-0.8,0
0.5,242,"ASC3_age",0,0
0.5,242,"cost_income",1.1,0
0.5,242,"prot25_child",0,0
0.5,242,"prot50_child",0,0
0.5,242,"invasive_child",-0.6,0
0.5,243,"ASC2_male",-0.8,0
0.5,243,"ASC3_age",0.7,0
0.5,243,"cost_income",0,0
0.5,243,"prot25_child",0.8,0
0.5,243,"prot50_child",0,0
0.5,243,"invasive_child",0,0
0.5,244,"ASC2_male",0,0
0.5,244,"ASC3_age",0,0
0.5,244,"cost_income",0.9,0
0.5,244,"prot25_child",0,0
0.5,244,"prot50_child",0.6,0
0.5,244,"invasive_child",-0.5,0
0.5,245,"ASC2_male",0,0
0.5,245,"ASC3_age",0,0
0.5,245,"cost_income",1.2,0
0.5,245,"prot25_child",-0.5,0
0.5,245,"prot50_child",0,0
0.5,245,"invasive_child",-0.9,0
0.5,246,"ASC2_male",0,0
0.5,246,"ASC3_age",-0.8,0
0.5,246,"cost_income",0,0
0.5,246,"prot25_child",-0.8,0
0.5,246,"prot50_child",0,0
0.5,246,"invasive_child",0.6,0
0.5,247,"ASC2_male",-0.5,0
0.5,247,"ASC3_age",-0.9,0
0.5,247,"cost_income",0,0
0.5,247,"prot25_child",0,0
0.5,247,"prot50_child",0,0
0.5,247,"invasive_child",0.8,0
0.5,248,"ASC2_male",0,0
0.5,248,"ASC3_age",0.4,0
0.5,248,"cost_income",0.9,0
0.5,248,"prot25_child",-0.6,0
0.5,248,"prot50_child",0,0
0.5,248,"invasive_child",0,0
0.5,249,"ASC2_male",0,0
0.5,249,"ASC3_age",0.5,0
0.5,249,"cost_income",-0.9,0
0.5,249,"prot25_child",0,0
0.5,249,"prot50_child",-0.7,0
0.5,249,"invasive_child",0,0
0.5,250,"ASC2_male",0,0
0.5,250,"ASC3_age",0,0
0.5,250,"cost_income",-1.1,0
0.5,250,"prot25_child",1.2,0
0.5,250,"prot50_child",0,0
0.5,250,"invasive_child",-0.8,0
