"Iteration","Interaction","TrueBeta","Detected"
1,"ASC2_male",0,0
1,"ASC3_age",0.2,0
1,"cost_income",0.5,0
1,"prot25_child",0,0
1,"prot50_child",0.5,0
1,"invasive_child",0,0
2,"ASC2_male",0.4,0
2,"ASC3_age",0,0
2,"cost_income",0,0
2,"prot25_child",0,0
2,"prot50_child",0.5,0
2,"invasive_child",-0.4,0
3,"ASC2_male",0,0
3,"ASC3_age",0.4,0
3,"cost_income",0.6,0
3,"prot25_child",0,0
3,"prot50_child",0.4,0
3,"invasive_child",0,0
4,"ASC2_male",0.4,0
4,"ASC3_age",0,0
4,"cost_income",0,0
4,"prot25_child",-0.4,0
4,"prot50_child",0,0
4,"invasive_child",0.5,0
5,"ASC2_male",0,0
5,"ASC3_age",0.3,0
5,"cost_income",0,0
5,"prot25_child",0,0
5,"prot50_child",0.6,0
5,"invasive_child",-0.3,0
6,"ASC2_male",0,0
6,"ASC3_age",0.5,0
6,"cost_income",0.3,0
6,"prot25_child",0,0
6,"prot50_child",0.6,0
6,"invasive_child",0,0
7,"ASC2_male",0,0
7,"ASC3_age",0,0
7,"cost_income",0,0
7,"prot25_child",-0.6,0
7,"prot50_child",-0.5,0
7,"invasive_child",0.6,0
8,"ASC2_male",0,0
8,"ASC3_age",0,0
8,"cost_income",-0.5,0
8,"prot25_child",0,0
8,"prot50_child",-0.2,0
8,"invasive_child",-0.4,0
9,"ASC2_male",0,0
9,"ASC3_age",0.3,0
9,"cost_income",0.5,0
9,"prot25_child",-0.6,0
9,"prot50_child",0,0
9,"invasive_child",0,0
10,"ASC2_male",0,0
10,"ASC3_age",0.4,0
10,"cost_income",0.3,0
10,"prot25_child",0.4,0
10,"prot50_child",0,0
10,"invasive_child",0,0
11,"ASC2_male",0.2,0
11,"ASC3_age",0.5,0
11,"cost_income",0,1
11,"prot25_child",0,0
11,"prot50_child",-0.4,0
11,"invasive_child",0,0
12,"ASC2_male",0,0
12,"ASC3_age",-0.6,0
12,"cost_income",0.4,0
12,"prot25_child",0,0
12,"prot50_child",0,0
12,"invasive_child",0.5,0
13,"ASC2_male",0.5,0
13,"ASC3_age",0,0
13,"cost_income",0,0
13,"prot25_child",0,1
13,"prot50_child",0.3,0
13,"invasive_child",-0.3,0
14,"ASC2_male",-0.4,0
14,"ASC3_age",0,0
14,"cost_income",0,0
14,"prot25_child",0.3,0
14,"prot50_child",0.5,0
14,"invasive_child",0,0
15,"ASC2_male",0.4,0
15,"ASC3_age",-0.4,0
15,"cost_income",0,0
15,"prot25_child",-0.4,0
15,"prot50_child",0,0
15,"invasive_child",0,0
16,"ASC2_male",0,0
16,"ASC3_age",0.3,1
16,"cost_income",0,0
16,"prot25_child",0,0
16,"prot50_child",0.6,0
16,"invasive_child",-0.3,0
17,"ASC2_male",0.2,0
17,"ASC3_age",-0.4,0
17,"cost_income",-0.2,0
17,"prot25_child",0,0
17,"prot50_child",0,0
17,"invasive_child",0,0
18,"ASC2_male",-0.6,0
18,"ASC3_age",0,0
18,"cost_income",0,0
18,"prot25_child",0.6,0
18,"prot50_child",-0.3,0
18,"invasive_child",0,0
19,"ASC2_male",0,0
19,"ASC3_age",0,0
19,"cost_income",-0.4,0
19,"prot25_child",0,0
19,"prot50_child",-0.3,0
19,"invasive_child",0.5,0
20,"ASC2_male",-0.5,0
20,"ASC3_age",0,0
20,"cost_income",-0.5,0
20,"prot25_child",0,0
20,"prot50_child",0,0
20,"invasive_child",-0.4,0
21,"ASC2_male",0.2,0
21,"ASC3_age",-0.5,0
21,"cost_income",0,0
21,"prot25_child",0,0
21,"prot50_child",0,1
21,"invasive_child",-0.5,0
22,"ASC2_male",0,0
22,"ASC3_age",0.5,0
22,"cost_income",0.5,0
22,"prot25_child",0,0
22,"prot50_child",0,0
22,"invasive_child",0.4,0
23,"ASC2_male",0,0
23,"ASC3_age",0.3,0
23,"cost_income",0.6,0
23,"prot25_child",-0.5,1
23,"prot50_child",0,0
23,"invasive_child",0,0
24,"ASC2_male",0,0
24,"ASC3_age",-0.2,0
24,"cost_income",0,1
24,"prot25_child",0.4,0
24,"prot50_child",0,0
24,"invasive_child",-0.2,0
25,"ASC2_male",-0.5,0
25,"ASC3_age",0,0
25,"cost_income",0,0
25,"prot25_child",0,0
25,"prot50_child",-0.4,1
25,"invasive_child",-0.3,0
26,"ASC2_male",0,0
26,"ASC3_age",0.5,0
26,"cost_income",0.5,0
26,"prot25_child",0.3,0
26,"prot50_child",0,0
26,"invasive_child",0,0
27,"ASC2_male",0.3,0
27,"ASC3_age",0.3,0
27,"cost_income",-0.3,0
27,"prot25_child",0,0
27,"prot50_child",0,0
27,"invasive_child",0,0
28,"ASC2_male",0.4,0
28,"ASC3_age",0,0
28,"cost_income",-0.6,0
28,"prot25_child",0,0
28,"prot50_child",-0.5,1
28,"invasive_child",0,1
29,"ASC2_male",0,0
29,"ASC3_age",-0.5,0
29,"cost_income",0.3,0
29,"prot25_child",0,0
29,"prot50_child",0,0
29,"invasive_child",0.3,0
30,"ASC2_male",0,0
30,"ASC3_age",0.4,0
30,"cost_income",-0.4,0
30,"prot25_child",0,0
30,"prot50_child",-0.3,0
30,"invasive_child",0,0
31,"ASC2_male",0,0
31,"ASC3_age",-0.3,0
31,"cost_income",0.2,0
31,"prot25_child",0.4,0
31,"prot50_child",0,0
31,"invasive_child",0,0
32,"ASC2_male",-0.5,0
32,"ASC3_age",-0.5,0
32,"cost_income",-0.3,0
32,"prot25_child",0,0
32,"prot50_child",0,0
32,"invasive_child",0,0
33,"ASC2_male",-0.3,0
33,"ASC3_age",0.5,0
33,"cost_income",0,0
33,"prot25_child",0,0
33,"prot50_child",0,0
33,"invasive_child",0.6,0
34,"ASC2_male",0.5,0
34,"ASC3_age",0.2,0
34,"cost_income",0,0
34,"prot25_child",-0.4,0
34,"prot50_child",0,0
34,"invasive_child",0,0
35,"ASC2_male",0,0
35,"ASC3_age",0.3,0
35,"cost_income",0,0
35,"prot25_child",0.3,0
35,"prot50_child",0.3,0
35,"invasive_child",0,0
36,"ASC2_male",-0.4,0
36,"ASC3_age",0.4,0
36,"cost_income",0,0
36,"prot25_child",0,0
36,"prot50_child",0,1
36,"invasive_child",0.5,0
37,"ASC2_male",-0.4,0
37,"ASC3_age",0,0
37,"cost_income",0,0
37,"prot25_child",0.3,1
37,"prot50_child",-0.4,0
37,"invasive_child",0,0
38,"ASC2_male",0.6,0
38,"ASC3_age",0.6,0
38,"cost_income",0,0
38,"prot25_child",0,0
38,"prot50_child",0,0
38,"invasive_child",0.4,1
39,"ASC2_male",0.2,0
39,"ASC3_age",0,0
39,"cost_income",0,0
39,"prot25_child",0,1
39,"prot50_child",0.5,0
39,"invasive_child",0.5,0
40,"ASC2_male",0.3,0
40,"ASC3_age",0,0
40,"cost_income",-0.4,0
40,"prot25_child",0,0
40,"prot50_child",0,0
40,"invasive_child",0.6,1
41,"ASC2_male",0.4,0
41,"ASC3_age",0,0
41,"cost_income",0.2,0
41,"prot25_child",0,0
41,"prot50_child",-0.6,0
41,"invasive_child",0,0
42,"ASC2_male",0,0
42,"ASC3_age",0,1
42,"cost_income",0.3,0
42,"prot25_child",-0.3,0
42,"prot50_child",0,0
42,"invasive_child",0.2,0
43,"ASC2_male",0,0
43,"ASC3_age",0,0
43,"cost_income",-0.6,0
43,"prot25_child",-0.5,0
43,"prot50_child",-0.3,0
43,"invasive_child",0,0
44,"ASC2_male",0,0
44,"ASC3_age",-0.6,0
44,"cost_income",0,0
44,"prot25_child",0.5,0
44,"prot50_child",-0.2,0
44,"invasive_child",0,0
45,"ASC2_male",-0.3,0
45,"ASC3_age",0,0
45,"cost_income",0,0
45,"prot25_child",-0.2,0
45,"prot50_child",-0.2,0
45,"invasive_child",0,0
46,"ASC2_male",-0.5,0
46,"ASC3_age",0,0
46,"cost_income",0.2,0
46,"prot25_child",0,0
46,"prot50_child",0,0
46,"invasive_child",0.6,0
47,"ASC2_male",0.2,0
47,"ASC3_age",0,0
47,"cost_income",0,0
47,"prot25_child",-0.5,0
47,"prot50_child",0,0
47,"invasive_child",0.4,0
48,"ASC2_male",0,0
48,"ASC3_age",0.3,0
48,"cost_income",0,0
48,"prot25_child",-0.4,0
48,"prot50_child",0.3,0
48,"invasive_child",0,0
49,"ASC2_male",0.2,0
49,"ASC3_age",0.5,0
49,"cost_income",-0.5,0
49,"prot25_child",0,0
49,"prot50_child",0,0
49,"invasive_child",0,0
50,"ASC2_male",-0.5,0
50,"ASC3_age",0.4,0
50,"cost_income",0,0
50,"prot25_child",0,0
50,"prot50_child",-0.5,0
50,"invasive_child",0,0
51,"ASC2_male",0,0
51,"ASC3_age",0,0
51,"cost_income",0.5,0
51,"prot25_child",0.5,0
51,"prot50_child",-0.2,0
51,"invasive_child",0,0
52,"ASC2_male",0.4,0
52,"ASC3_age",0,0
52,"cost_income",0.3,0
52,"prot25_child",0.4,0
52,"prot50_child",0,0
52,"invasive_child",0,0
53,"ASC2_male",0,0
53,"ASC3_age",0.4,0
53,"cost_income",0,0
53,"prot25_child",0,0
53,"prot50_child",0.3,0
53,"invasive_child",0.4,0
54,"ASC2_male",0,1
54,"ASC3_age",0.4,0
54,"cost_income",-0.4,0
54,"prot25_child",0.2,0
54,"prot50_child",0,0
54,"invasive_child",0,0
55,"ASC2_male",-0.4,0
55,"ASC3_age",0,0
55,"cost_income",0,0
55,"prot25_child",0,0
55,"prot50_child",0.3,0
55,"invasive_child",0.3,0
56,"ASC2_male",0,0
56,"ASC3_age",0,0
56,"cost_income",-0.4,0
56,"prot25_child",-0.3,0
56,"prot50_child",0.4,0
56,"invasive_child",0,0
57,"ASC2_male",0.5,0
57,"ASC3_age",0,0
57,"cost_income",0,0
57,"prot25_child",0,0
57,"prot50_child",0.3,0
57,"invasive_child",0.3,0
58,"ASC2_male",0,0
58,"ASC3_age",0,0
58,"cost_income",0.4,0
58,"prot25_child",-0.4,0
58,"prot50_child",0,0
58,"invasive_child",0.3,0
59,"ASC2_male",0.5,0
59,"ASC3_age",0,0
59,"cost_income",0,0
59,"prot25_child",0,0
59,"prot50_child",0.5,0
59,"invasive_child",0.4,0
60,"ASC2_male",0,0
60,"ASC3_age",0,0
60,"cost_income",0,0
60,"prot25_child",0.5,0
60,"prot50_child",-0.5,0
60,"invasive_child",0.4,0
61,"ASC2_male",0.3,0
61,"ASC3_age",0.4,0
61,"cost_income",0.4,0
61,"prot25_child",0,0
61,"prot50_child",0,0
61,"invasive_child",0,0
62,"ASC2_male",0,0
62,"ASC3_age",0,0
62,"cost_income",0.3,0
62,"prot25_child",-0.6,0
62,"prot50_child",0,0
62,"invasive_child",0.4,0
63,"ASC2_male",-0.6,0
63,"ASC3_age",0,0
63,"cost_income",0,0
63,"prot25_child",-0.5,0
63,"prot50_child",0,0
63,"invasive_child",-0.3,0
64,"ASC2_male",-0.5,0
64,"ASC3_age",0,0
64,"cost_income",0.4,0
64,"prot25_child",0,0
64,"prot50_child",-0.6,0
64,"invasive_child",0,0
65,"ASC2_male",0.6,0
65,"ASC3_age",-0.3,0
65,"cost_income",0,0
65,"prot25_child",0,0
65,"prot50_child",0.4,0
65,"invasive_child",0,0
66,"ASC2_male",0.5,0
66,"ASC3_age",0.3,0
66,"cost_income",-0.5,0
66,"prot25_child",0,0
66,"prot50_child",0,0
66,"invasive_child",0,0
67,"ASC2_male",0,0
67,"ASC3_age",0,0
67,"cost_income",0.4,0
67,"prot25_child",-0.4,0
67,"prot50_child",0.5,0
67,"invasive_child",0,0
68,"ASC2_male",0,0
68,"ASC3_age",0.6,0
68,"cost_income",0,0
68,"prot25_child",-0.5,0
68,"prot50_child",-0.2,0
68,"invasive_child",0,0
69,"ASC2_male",0.3,0
69,"ASC3_age",0,0
69,"cost_income",0,0
69,"prot25_child",-0.4,0
69,"prot50_child",-0.5,0
69,"invasive_child",0,0
70,"ASC2_male",-0.6,0
70,"ASC3_age",0,0
70,"cost_income",0,0
70,"prot25_child",-0.5,0
70,"prot50_child",0,0
70,"invasive_child",0.3,0
71,"ASC2_male",-0.3,0
71,"ASC3_age",-0.5,0
71,"cost_income",0.3,0
71,"prot25_child",0,0
71,"prot50_child",0,0
71,"invasive_child",0,0
72,"ASC2_male",-0.3,0
72,"ASC3_age",0.3,0
72,"cost_income",0,0
72,"prot25_child",0,0
72,"prot50_child",0.2,0
72,"invasive_child",0,0
73,"ASC2_male",0,0
73,"ASC3_age",0,0
73,"cost_income",0,0
73,"prot25_child",-0.5,0
73,"prot50_child",0.4,0
73,"invasive_child",0.5,0
74,"ASC2_male",0.2,0
74,"ASC3_age",0,0
74,"cost_income",-0.4,0
74,"prot25_child",0,0
74,"prot50_child",-0.5,0
74,"invasive_child",0,0
75,"ASC2_male",0,0
75,"ASC3_age",-0.2,0
75,"cost_income",0,0
75,"prot25_child",0,0
75,"prot50_child",0.4,0
75,"invasive_child",-0.5,0
76,"ASC2_male",-0.5,0
76,"ASC3_age",0,0
76,"cost_income",0,0
76,"prot25_child",-0.5,0
76,"prot50_child",0,0
76,"invasive_child",-0.2,0
77,"ASC2_male",0,0
77,"ASC3_age",0.5,0
77,"cost_income",0,0
77,"prot25_child",0.2,0
77,"prot50_child",-0.4,0
77,"invasive_child",0,0
78,"ASC2_male",0,0
78,"ASC3_age",0,0
78,"cost_income",0.3,0
78,"prot25_child",0.6,0
78,"prot50_child",0,0
78,"invasive_child",0.4,0
79,"ASC2_male",0.4,0
79,"ASC3_age",0.3,0
79,"cost_income",0,0
79,"prot25_child",-0.4,0
79,"prot50_child",0,0
79,"invasive_child",0,0
80,"ASC2_male",0,0
80,"ASC3_age",0,0
80,"cost_income",0.2,0
80,"prot25_child",0,0
80,"prot50_child",-0.4,0
80,"invasive_child",0.4,0
81,"ASC2_male",-0.6,0
81,"ASC3_age",-0.4,0
81,"cost_income",0,0
81,"prot25_child",0.4,0
81,"prot50_child",0,0
81,"invasive_child",0,0
82,"ASC2_male",0,0
82,"ASC3_age",-0.4,0
82,"cost_income",0,0
82,"prot25_child",0,0
82,"prot50_child",-0.4,0
82,"invasive_child",0.5,0
83,"ASC2_male",0,0
83,"ASC3_age",-0.5,0
83,"cost_income",0.5,0
83,"prot25_child",-0.5,0
83,"prot50_child",0,0
83,"invasive_child",0,0
84,"ASC2_male",-0.4,0
84,"ASC3_age",0,0
84,"cost_income",-0.6,0
84,"prot25_child",-0.4,0
84,"prot50_child",0,0
84,"invasive_child",0,0
85,"ASC2_male",0,0
85,"ASC3_age",-0.4,0
85,"cost_income",0.4,0
85,"prot25_child",0,0
85,"prot50_child",0.2,0
85,"invasive_child",0,0
86,"ASC2_male",0,0
86,"ASC3_age",0,0
86,"cost_income",-0.2,0
86,"prot25_child",-0.5,0
86,"prot50_child",0.3,0
86,"invasive_child",0,0
87,"ASC2_male",0.3,0
87,"ASC3_age",0,0
87,"cost_income",-0.3,0
87,"prot25_child",0,0
87,"prot50_child",-0.2,0
87,"invasive_child",0,0
88,"ASC2_male",0,0
88,"ASC3_age",0,0
88,"cost_income",-0.3,0
88,"prot25_child",0.2,0
88,"prot50_child",-0.3,0
88,"invasive_child",0,0
89,"ASC2_male",0.3,0
89,"ASC3_age",0,0
89,"cost_income",0.3,0
89,"prot25_child",0,0
89,"prot50_child",0,0
89,"invasive_child",-0.5,0
90,"ASC2_male",-0.6,0
90,"ASC3_age",0,0
90,"cost_income",0,0
90,"prot25_child",-0.4,0
90,"prot50_child",0,0
90,"invasive_child",-0.3,0
91,"ASC2_male",0.4,0
91,"ASC3_age",0,0
91,"cost_income",0,0
91,"prot25_child",0.3,0
91,"prot50_child",0,0
91,"invasive_child",-0.5,0
92,"ASC2_male",-0.5,0
92,"ASC3_age",-0.3,0
92,"cost_income",-0.2,0
92,"prot25_child",0,0
92,"prot50_child",0,0
92,"invasive_child",0,0
93,"ASC2_male",0,0
93,"ASC3_age",0,0
93,"cost_income",0.4,0
93,"prot25_child",-0.6,0
93,"prot50_child",-0.6,0
93,"invasive_child",0,0
94,"ASC2_male",0.5,0
94,"ASC3_age",0.4,0
94,"cost_income",0,0
94,"prot25_child",0,0
94,"prot50_child",0,0
94,"invasive_child",-0.3,0
95,"ASC2_male",0,0
95,"ASC3_age",0,0
95,"cost_income",-0.6,0
95,"prot25_child",0,0
95,"prot50_child",-0.4,0
95,"invasive_child",0.5,0
96,"ASC2_male",0.3,0
96,"ASC3_age",0,0
96,"cost_income",0.3,0
96,"prot25_child",0,0
96,"prot50_child",0,0
96,"invasive_child",-0.4,0
97,"ASC2_male",0,0
97,"ASC3_age",0,0
97,"cost_income",0.4,0
97,"prot25_child",-0.3,0
97,"prot50_child",0.3,0
97,"invasive_child",0,0
98,"ASC2_male",0,0
98,"ASC3_age",0.4,0
98,"cost_income",-0.5,0
98,"prot25_child",0.6,0
98,"prot50_child",0,0
98,"invasive_child",0,0
99,"ASC2_male",0,0
99,"ASC3_age",0.2,0
99,"cost_income",-0.2,0
99,"prot25_child",0,0
99,"prot50_child",0,0
99,"invasive_child",0.4,0
100,"ASC2_male",-0.5,0
100,"ASC3_age",-0.4,0
100,"cost_income",0,0
100,"prot25_child",0.4,0
100,"prot50_child",0,0
100,"invasive_child",0,0
101,"ASC2_male",0,0
101,"ASC3_age",0.6,0
101,"cost_income",-0.5,0
101,"prot25_child",0,0
101,"prot50_child",0,0
101,"invasive_child",0.5,0
102,"ASC2_male",0,0
102,"ASC3_age",0,0
102,"cost_income",-0.5,0
102,"prot25_child",0.3,0
102,"prot50_child",0,0
102,"invasive_child",0.5,0
103,"ASC2_male",0,0
103,"ASC3_age",0,0
103,"cost_income",-0.3,0
103,"prot25_child",0,0
103,"prot50_child",0.5,0
103,"invasive_child",-0.4,0
104,"ASC2_male",0,0
104,"ASC3_age",0,0
104,"cost_income",-0.4,0
104,"prot25_child",0,0
104,"prot50_child",0.3,0
104,"invasive_child",0.3,0
105,"ASC2_male",-0.3,0
105,"ASC3_age",0,0
105,"cost_income",0,0
105,"prot25_child",0.3,0
105,"prot50_child",0,0
105,"invasive_child",0.5,0
106,"ASC2_male",0,0
106,"ASC3_age",-0.5,0
106,"cost_income",0,0
106,"prot25_child",0,0
106,"prot50_child",-0.6,0
106,"invasive_child",0.4,0
107,"ASC2_male",-0.4,0
107,"ASC3_age",0,0
107,"cost_income",-0.3,0
107,"prot25_child",0,0
107,"prot50_child",0,0
107,"invasive_child",0.6,0
108,"ASC2_male",0.3,0
108,"ASC3_age",0,0
108,"cost_income",0,0
108,"prot25_child",0,0
108,"prot50_child",-0.5,0
108,"invasive_child",-0.2,0
109,"ASC2_male",0.3,0
109,"ASC3_age",0,0
109,"cost_income",0,0
109,"prot25_child",0.5,0
109,"prot50_child",0,0
109,"invasive_child",0.3,0
110,"ASC2_male",0,0
110,"ASC3_age",0,0
110,"cost_income",-0.4,0
110,"prot25_child",0.3,0
110,"prot50_child",-0.3,0
110,"invasive_child",0,0
111,"ASC2_male",-0.3,0
111,"ASC3_age",-0.6,0
111,"cost_income",0,0
111,"prot25_child",-0.2,0
111,"prot50_child",0,0
111,"invasive_child",0,0
112,"ASC2_male",0.3,0
112,"ASC3_age",0,0
112,"cost_income",0.6,0
112,"prot25_child",-0.4,0
112,"prot50_child",0,0
112,"invasive_child",0,0
113,"ASC2_male",0.5,0
113,"ASC3_age",0,0
113,"cost_income",0,0
113,"prot25_child",0.6,0
113,"prot50_child",0.4,0
113,"invasive_child",0,0
114,"ASC2_male",0,0
114,"ASC3_age",0,0
114,"cost_income",0.5,0
114,"prot25_child",-0.3,0
114,"prot50_child",0,0
114,"invasive_child",-0.5,0
115,"ASC2_male",0.6,0
115,"ASC3_age",0.5,0
115,"cost_income",0,0
115,"prot25_child",0.3,0
115,"prot50_child",0,0
115,"invasive_child",0,0
116,"ASC2_male",-0.3,0
116,"ASC3_age",-0.5,0
116,"cost_income",0.4,0
116,"prot25_child",0,0
116,"prot50_child",0,0
116,"invasive_child",0,0
117,"ASC2_male",0,0
117,"ASC3_age",0,0
117,"cost_income",0,0
117,"prot25_child",-0.4,0
117,"prot50_child",0.4,0
117,"invasive_child",0.5,0
118,"ASC2_male",-0.4,0
118,"ASC3_age",0,0
118,"cost_income",0,0
118,"prot25_child",-0.4,0
118,"prot50_child",0,0
118,"invasive_child",-0.5,0
119,"ASC2_male",0,0
119,"ASC3_age",-0.5,0
119,"cost_income",0,0
119,"prot25_child",-0.4,0
119,"prot50_child",0.3,0
119,"invasive_child",0,0
120,"ASC2_male",-0.2,0
120,"ASC3_age",-0.3,0
120,"cost_income",0.5,0
120,"prot25_child",0,0
120,"prot50_child",0,0
120,"invasive_child",0,0
121,"ASC2_male",0.3,0
121,"ASC3_age",0,0
121,"cost_income",-0.4,0
121,"prot25_child",0,0
121,"prot50_child",0.5,0
121,"invasive_child",0,0
122,"ASC2_male",0,0
122,"ASC3_age",-0.4,0
122,"cost_income",0.2,0
122,"prot25_child",0,0
122,"prot50_child",-0.3,0
122,"invasive_child",0,0
123,"ASC2_male",0,0
123,"ASC3_age",0,0
123,"cost_income",0.3,0
123,"prot25_child",-0.5,0
123,"prot50_child",0.5,0
123,"invasive_child",0,0
124,"ASC2_male",-0.4,0
124,"ASC3_age",0,0
124,"cost_income",0.4,0
124,"prot25_child",0,0
124,"prot50_child",0,0
124,"invasive_child",-0.5,0
125,"ASC2_male",0.5,0
125,"ASC3_age",-0.4,0
125,"cost_income",0.2,0
125,"prot25_child",0,0
125,"prot50_child",0,0
125,"invasive_child",0,0
126,"ASC2_male",-0.2,0
126,"ASC3_age",0,0
126,"cost_income",-0.3,0
126,"prot25_child",-0.4,0
126,"prot50_child",0,0
126,"invasive_child",0,0
127,"ASC2_male",0,0
127,"ASC3_age",0.5,0
127,"cost_income",0.5,0
127,"prot25_child",0.2,0
127,"prot50_child",0,0
127,"invasive_child",0,0
128,"ASC2_male",0,0
128,"ASC3_age",0,0
128,"cost_income",0.2,0
128,"prot25_child",0.3,0
128,"prot50_child",-0.4,0
128,"invasive_child",0,0
129,"ASC2_male",0.4,0
129,"ASC3_age",-0.5,0
129,"cost_income",0.2,0
129,"prot25_child",0,0
129,"prot50_child",0,0
129,"invasive_child",0,0
130,"ASC2_male",0,0
130,"ASC3_age",0.5,0
130,"cost_income",0.4,0
130,"prot25_child",0,0
130,"prot50_child",0.3,0
130,"invasive_child",0,0
131,"ASC2_male",0,0
131,"ASC3_age",0,0
131,"cost_income",0.4,0
131,"prot25_child",-0.5,0
131,"prot50_child",-0.2,0
131,"invasive_child",0,0
132,"ASC2_male",0.5,0
132,"ASC3_age",0.6,0
132,"cost_income",0.3,0
132,"prot25_child",0,0
132,"prot50_child",0,0
132,"invasive_child",0,0
133,"ASC2_male",0,0
133,"ASC3_age",0.6,0
133,"cost_income",0,0
133,"prot25_child",-0.5,0
133,"prot50_child",0,0
133,"invasive_child",-0.3,0
134,"ASC2_male",0,0
134,"ASC3_age",-0.6,0
134,"cost_income",0.3,0
134,"prot25_child",0,0
134,"prot50_child",-0.3,0
134,"invasive_child",0,0
135,"ASC2_male",0.6,0
135,"ASC3_age",0,0
135,"cost_income",0,0
135,"prot25_child",-0.6,0
135,"prot50_child",0.4,0
135,"invasive_child",0,0
136,"ASC2_male",0.6,0
136,"ASC3_age",0.6,0
136,"cost_income",0,0
136,"prot25_child",0,0
136,"prot50_child",0.4,0
136,"invasive_child",0,0
137,"ASC2_male",0,0
137,"ASC3_age",-0.2,0
137,"cost_income",0.2,0
137,"prot25_child",0,1
137,"prot50_child",0.4,0
137,"invasive_child",0,0
138,"ASC2_male",0,0
138,"ASC3_age",0,0
138,"cost_income",-0.6,0
138,"prot25_child",-0.3,0
138,"prot50_child",0.2,0
138,"invasive_child",0,0
139,"ASC2_male",0.4,0
139,"ASC3_age",0,0
139,"cost_income",0,0
139,"prot25_child",0,0
139,"prot50_child",0.6,0
139,"invasive_child",0.5,0
140,"ASC2_male",0,0
140,"ASC3_age",0,0
140,"cost_income",-0.6,0
140,"prot25_child",0,0
140,"prot50_child",0.4,0
140,"invasive_child",0.4,0
141,"ASC2_male",0.5,0
141,"ASC3_age",0,0
141,"cost_income",-0.6,0
141,"prot25_child",0,0
141,"prot50_child",0.5,0
141,"invasive_child",0,0
142,"ASC2_male",0.4,0
142,"ASC3_age",0,0
142,"cost_income",-0.3,0
142,"prot25_child",0.2,0
142,"prot50_child",0,0
142,"invasive_child",0,0
143,"ASC2_male",0,0
143,"ASC3_age",0.5,0
143,"cost_income",0,0
143,"prot25_child",-0.5,0
143,"prot50_child",0,0
143,"invasive_child",-0.5,0
144,"ASC2_male",-0.5,0
144,"ASC3_age",0.5,0
144,"cost_income",0,0
144,"prot25_child",0,0
144,"prot50_child",-0.5,0
144,"invasive_child",0,0
145,"ASC2_male",0,0
145,"ASC3_age",0.4,0
145,"cost_income",0.3,0
145,"prot25_child",0,0
145,"prot50_child",-0.6,0
145,"invasive_child",0,0
146,"ASC2_male",0.2,0
146,"ASC3_age",0.4,0
146,"cost_income",-0.2,0
146,"prot25_child",0,0
146,"prot50_child",0,0
146,"invasive_child",0,0
147,"ASC2_male",0,0
147,"ASC3_age",0.5,0
147,"cost_income",0,0
147,"prot25_child",0.3,0
147,"prot50_child",-0.5,0
147,"invasive_child",0,0
148,"ASC2_male",0.5,0
148,"ASC3_age",0,0
148,"cost_income",0,0
148,"prot25_child",-0.4,0
148,"prot50_child",-0.4,0
148,"invasive_child",0,0
149,"ASC2_male",-0.4,0
149,"ASC3_age",0,0
149,"cost_income",0.6,0
149,"prot25_child",0,0
149,"prot50_child",-0.6,0
149,"invasive_child",0,0
150,"ASC2_male",0.3,0
150,"ASC3_age",0.3,0
150,"cost_income",0,0
150,"prot25_child",0,0
150,"prot50_child",0,0
150,"invasive_child",-0.2,0
151,"ASC2_male",0,0
151,"ASC3_age",0.4,0
151,"cost_income",0,0
151,"prot25_child",0,0
151,"prot50_child",-0.6,0
151,"invasive_child",0.4,0
152,"ASC2_male",0,0
152,"ASC3_age",0,0
152,"cost_income",0.5,0
152,"prot25_child",0.6,0
152,"prot50_child",0,0
152,"invasive_child",0.3,1
153,"ASC2_male",0,0
153,"ASC3_age",0,0
153,"cost_income",0,0
153,"prot25_child",-0.4,0
153,"prot50_child",0.4,0
153,"invasive_child",0.3,0
154,"ASC2_male",-0.3,0
154,"ASC3_age",0.5,0
154,"cost_income",0.4,0
154,"prot25_child",0,0
154,"prot50_child",0,0
154,"invasive_child",0,0
155,"ASC2_male",0,0
155,"ASC3_age",0.5,0
155,"cost_income",0,0
155,"prot25_child",-0.6,1
155,"prot50_child",0,0
155,"invasive_child",-0.5,0
156,"ASC2_male",-0.5,0
156,"ASC3_age",0,0
156,"cost_income",0.3,0
156,"prot25_child",-0.6,0
156,"prot50_child",0,0
156,"invasive_child",0,0
157,"ASC2_male",0,0
157,"ASC3_age",-0.5,0
157,"cost_income",0,0
157,"prot25_child",-0.5,0
157,"prot50_child",-0.3,0
157,"invasive_child",0,0
158,"ASC2_male",-0.5,0
158,"ASC3_age",0,0
158,"cost_income",-0.2,0
158,"prot25_child",0,0
158,"prot50_child",-0.5,0
158,"invasive_child",0,0
159,"ASC2_male",0.6,0
159,"ASC3_age",-0.6,0
159,"cost_income",0,0
159,"prot25_child",-0.2,0
159,"prot50_child",0,0
159,"invasive_child",0,0
160,"ASC2_male",0.5,0
160,"ASC3_age",-0.2,0
160,"cost_income",0,0
160,"prot25_child",0,0
160,"prot50_child",0,0
160,"invasive_child",-0.3,0
161,"ASC2_male",-0.5,0
161,"ASC3_age",-0.2,0
161,"cost_income",-0.2,0
161,"prot25_child",0,0
161,"prot50_child",0,0
161,"invasive_child",0,0
162,"ASC2_male",-0.4,0
162,"ASC3_age",0,0
162,"cost_income",0,0
162,"prot25_child",0.5,0
162,"prot50_child",0.3,0
162,"invasive_child",0,0
163,"ASC2_male",-0.3,0
163,"ASC3_age",0,0
163,"cost_income",0,0
163,"prot25_child",0,0
163,"prot50_child",0.6,0
163,"invasive_child",-0.3,0
164,"ASC2_male",0,0
164,"ASC3_age",0.5,0
164,"cost_income",0,0
164,"prot25_child",0.5,0
164,"prot50_child",0,0
164,"invasive_child",-0.3,0
165,"ASC2_male",0,0
165,"ASC3_age",0.3,0
165,"cost_income",-0.4,0
165,"prot25_child",0,0
165,"prot50_child",0,0
165,"invasive_child",0.3,0
166,"ASC2_male",0,0
166,"ASC3_age",0,0
166,"cost_income",0,0
166,"prot25_child",-0.3,0
166,"prot50_child",-0.5,0
166,"invasive_child",0.2,0
167,"ASC2_male",-0.6,0
167,"ASC3_age",0.3,0
167,"cost_income",0,0
167,"prot25_child",0,0
167,"prot50_child",0,0
167,"invasive_child",-0.4,0
168,"ASC2_male",-0.5,0
168,"ASC3_age",0,0
168,"cost_income",-0.6,0
168,"prot25_child",0.3,0
168,"prot50_child",0,0
168,"invasive_child",0,0
169,"ASC2_male",0.6,0
169,"ASC3_age",0,0
169,"cost_income",-0.2,0
169,"prot25_child",-0.3,0
169,"prot50_child",0,0
169,"invasive_child",0,0
170,"ASC2_male",0,0
170,"ASC3_age",0,0
170,"cost_income",0.3,0
170,"prot25_child",-0.4,0
170,"prot50_child",0,0
170,"invasive_child",0.4,0
171,"ASC2_male",0,0
171,"ASC3_age",-0.3,0
171,"cost_income",0,0
171,"prot25_child",-0.4,0
171,"prot50_child",0,0
171,"invasive_child",-0.6,0
172,"ASC2_male",0,0
172,"ASC3_age",-0.2,0
172,"cost_income",0.2,0
172,"prot25_child",0,0
172,"prot50_child",0,0
172,"invasive_child",-0.4,0
173,"ASC2_male",0.3,0
173,"ASC3_age",0,0
173,"cost_income",0,0
173,"prot25_child",0.3,0
173,"prot50_child",0.5,0
173,"invasive_child",0,0
174,"ASC2_male",0.3,0
174,"ASC3_age",-0.3,0
174,"cost_income",0.3,0
174,"prot25_child",0,0
174,"prot50_child",0,0
174,"invasive_child",0,0
175,"ASC2_male",0,0
175,"ASC3_age",0,0
175,"cost_income",-0.6,0
175,"prot25_child",0.5,0
175,"prot50_child",-0.4,0
175,"invasive_child",0,0
176,"ASC2_male",0,0
176,"ASC3_age",0,0
176,"cost_income",-0.5,0
176,"prot25_child",-0.3,0
176,"prot50_child",0,0
176,"invasive_child",-0.4,0
177,"ASC2_male",0.4,0
177,"ASC3_age",0,0
177,"cost_income",-0.2,0
177,"prot25_child",-0.3,0
177,"prot50_child",0,0
177,"invasive_child",0,0
178,"ASC2_male",-0.5,0
178,"ASC3_age",0,0
178,"cost_income",0,0
178,"prot25_child",0.5,0
178,"prot50_child",0,0
178,"invasive_child",0.4,0
179,"ASC2_male",0,0
179,"ASC3_age",-0.4,0
179,"cost_income",0,0
179,"prot25_child",0.2,0
179,"prot50_child",0,0
179,"invasive_child",-0.6,0
180,"ASC2_male",0.4,0
180,"ASC3_age",0,0
180,"cost_income",-0.6,0
180,"prot25_child",-0.3,0
180,"prot50_child",0,0
180,"invasive_child",0,0
181,"ASC2_male",0,0
181,"ASC3_age",0,0
181,"cost_income",0.3,0
181,"prot25_child",-0.3,0
181,"prot50_child",0,0
181,"invasive_child",0.6,0
182,"ASC2_male",0,0
182,"ASC3_age",0,0
182,"cost_income",-0.2,0
182,"prot25_child",0,0
182,"prot50_child",0.2,0
182,"invasive_child",-0.6,0
183,"ASC2_male",0,0
183,"ASC3_age",0.3,0
183,"cost_income",0.2,0
183,"prot25_child",0,0
183,"prot50_child",0.5,0
183,"invasive_child",0,0
184,"ASC2_male",-0.5,0
184,"ASC3_age",0.6,0
184,"cost_income",-0.4,1
184,"prot25_child",0,0
184,"prot50_child",0,0
184,"invasive_child",0,0
185,"ASC2_male",0,0
185,"ASC3_age",0.6,1
185,"cost_income",0,0
185,"prot25_child",0,0
185,"prot50_child",-0.2,0
185,"invasive_child",0.4,0
186,"ASC2_male",0,0
186,"ASC3_age",-0.4,0
186,"cost_income",0,0
186,"prot25_child",0.4,0
186,"prot50_child",0,0
186,"invasive_child",-0.5,0
187,"ASC2_male",0,0
187,"ASC3_age",0,0
187,"cost_income",-0.4,0
187,"prot25_child",0.5,0
187,"prot50_child",0,0
187,"invasive_child",0.3,0
188,"ASC2_male",0,0
188,"ASC3_age",0.3,0
188,"cost_income",-0.5,0
188,"prot25_child",0,0
188,"prot50_child",-0.4,0
188,"invasive_child",0,0
189,"ASC2_male",-0.3,0
189,"ASC3_age",-0.4,0
189,"cost_income",0.4,0
189,"prot25_child",0,0
189,"prot50_child",0,0
189,"invasive_child",0,0
190,"ASC2_male",0,0
190,"ASC3_age",0,0
190,"cost_income",0.3,0
190,"prot25_child",-0.2,0
190,"prot50_child",0.5,0
190,"invasive_child",0,0
191,"ASC2_male",-0.3,0
191,"ASC3_age",0,0
191,"cost_income",-0.3,0
191,"prot25_child",0,0
191,"prot50_child",-0.5,0
191,"invasive_child",0,0
192,"ASC2_male",0,0
192,"ASC3_age",0.2,0
192,"cost_income",0.3,0
192,"prot25_child",0,0
192,"prot50_child",-0.4,0
192,"invasive_child",0,0
193,"ASC2_male",0,0
193,"ASC3_age",0.5,0
193,"cost_income",0.4,0
193,"prot25_child",-0.3,0
193,"prot50_child",0,0
193,"invasive_child",0,0
194,"ASC2_male",-0.5,0
194,"ASC3_age",0,0
194,"cost_income",-0.3,0
194,"prot25_child",-0.5,0
194,"prot50_child",0,0
194,"invasive_child",0,0
195,"ASC2_male",0.4,0
195,"ASC3_age",0,0
195,"cost_income",0.5,0
195,"prot25_child",0,0
195,"prot50_child",0,0
195,"invasive_child",0.5,0
196,"ASC2_male",0,0
196,"ASC3_age",0.3,0
196,"cost_income",0,0
196,"prot25_child",0,0
196,"prot50_child",-0.5,0
196,"invasive_child",0.5,0
197,"ASC2_male",0,0
197,"ASC3_age",0,0
197,"cost_income",0,0
197,"prot25_child",-0.6,0
197,"prot50_child",0.4,0
197,"invasive_child",-0.6,0
198,"ASC2_male",-0.3,0
198,"ASC3_age",-0.3,0
198,"cost_income",-0.3,0
198,"prot25_child",0,0
198,"prot50_child",0,0
198,"invasive_child",0,0
199,"ASC2_male",0,0
199,"ASC3_age",0.4,0
199,"cost_income",0.5,0
199,"prot25_child",-0.3,0
199,"prot50_child",0,0
199,"invasive_child",0,0
200,"ASC2_male",-0.3,0
200,"ASC3_age",0.5,0
200,"cost_income",-0.2,0
200,"prot25_child",0,0
200,"prot50_child",0,0
200,"invasive_child",0,0
201,"ASC2_male",0.3,0
201,"ASC3_age",0,0
201,"cost_income",0,0
201,"prot25_child",0,0
201,"prot50_child",0.5,0
201,"invasive_child",-0.6,0
202,"ASC2_male",0,0
202,"ASC3_age",-0.3,0
202,"cost_income",0.6,0
202,"prot25_child",0.4,0
202,"prot50_child",0,0
202,"invasive_child",0,0
203,"ASC2_male",0.5,0
203,"ASC3_age",0,0
203,"cost_income",0.3,0
203,"prot25_child",0,0
203,"prot50_child",-0.4,0
203,"invasive_child",0,0
204,"ASC2_male",-0.2,0
204,"ASC3_age",0,0
204,"cost_income",0.5,0
204,"prot25_child",0,0
204,"prot50_child",-0.5,0
204,"invasive_child",0,0
205,"ASC2_male",0,0
205,"ASC3_age",-0.2,0
205,"cost_income",0,0
205,"prot25_child",-0.3,0
205,"prot50_child",0,0
205,"invasive_child",-0.5,0
206,"ASC2_male",0,0
206,"ASC3_age",-0.4,0
206,"cost_income",0,0
206,"prot25_child",0.5,0
206,"prot50_child",-0.3,0
206,"invasive_child",0,0
207,"ASC2_male",-0.5,0
207,"ASC3_age",0,0
207,"cost_income",0,0
207,"prot25_child",-0.6,0
207,"prot50_child",-0.3,0
207,"invasive_child",0,0
208,"ASC2_male",0,0
208,"ASC3_age",0,0
208,"cost_income",-0.5,0
208,"prot25_child",0,0
208,"prot50_child",-0.3,0
208,"invasive_child",-0.3,0
209,"ASC2_male",0,0
209,"ASC3_age",0,0
209,"cost_income",0,0
209,"prot25_child",0.3,0
209,"prot50_child",0.5,0
209,"invasive_child",-0.3,0
210,"ASC2_male",-0.6,0
210,"ASC3_age",0,0
210,"cost_income",0,0
210,"prot25_child",0,0
210,"prot50_child",0.3,0
210,"invasive_child",0.5,0
211,"ASC2_male",0,0
211,"ASC3_age",0,0
211,"cost_income",-0.5,0
211,"prot25_child",-0.5,0
211,"prot50_child",0,0
211,"invasive_child",-0.6,1
212,"ASC2_male",-0.5,0
212,"ASC3_age",-0.2,0
212,"cost_income",0,0
212,"prot25_child",-0.5,0
212,"prot50_child",0,0
212,"invasive_child",0,0
213,"ASC2_male",0,0
213,"ASC3_age",-0.2,0
213,"cost_income",0.3,0
213,"prot25_child",0,0
213,"prot50_child",0,0
213,"invasive_child",0.3,0
214,"ASC2_male",0,0
214,"ASC3_age",-0.5,0
214,"cost_income",-0.3,0
214,"prot25_child",0,0
214,"prot50_child",0,0
214,"invasive_child",0.6,0
215,"ASC2_male",0.5,0
215,"ASC3_age",-0.3,0
215,"cost_income",0,0
215,"prot25_child",0,0
215,"prot50_child",-0.6,0
215,"invasive_child",0,0
216,"ASC2_male",0.5,0
216,"ASC3_age",-0.3,0
216,"cost_income",0,0
216,"prot25_child",0,0
216,"prot50_child",-0.6,0
216,"invasive_child",0,0
217,"ASC2_male",0,0
217,"ASC3_age",0,0
217,"cost_income",-0.3,0
217,"prot25_child",0,0
217,"prot50_child",0.5,0
217,"invasive_child",-0.3,0
218,"ASC2_male",0,0
218,"ASC3_age",-0.2,0
218,"cost_income",0,0
218,"prot25_child",0,0
218,"prot50_child",0.3,0
218,"invasive_child",-0.3,0
219,"ASC2_male",0,0
219,"ASC3_age",-0.4,0
219,"cost_income",0,0
219,"prot25_child",0.5,0
219,"prot50_child",-0.4,0
219,"invasive_child",0,0
220,"ASC2_male",0.6,0
220,"ASC3_age",0,0
220,"cost_income",0.5,0
220,"prot25_child",0,0
220,"prot50_child",0,0
220,"invasive_child",0.4,0
221,"ASC2_male",0,0
221,"ASC3_age",-0.6,0
221,"cost_income",-0.4,0
221,"prot25_child",0,0
221,"prot50_child",0.6,0
221,"invasive_child",0,0
222,"ASC2_male",0,0
222,"ASC3_age",0.5,0
222,"cost_income",0,0
222,"prot25_child",-0.6,0
222,"prot50_child",-0.4,0
222,"invasive_child",0,0
223,"ASC2_male",0.2,0
223,"ASC3_age",0,0
223,"cost_income",0,0
223,"prot25_child",0,0
223,"prot50_child",-0.5,0
223,"invasive_child",0.5,0
224,"ASC2_male",0,0
224,"ASC3_age",0,0
224,"cost_income",-0.4,0
224,"prot25_child",-0.4,0
224,"prot50_child",0.3,0
224,"invasive_child",0,0
225,"ASC2_male",-0.3,0
225,"ASC3_age",0,0
225,"cost_income",0,0
225,"prot25_child",-0.5,0
225,"prot50_child",-0.6,0
225,"invasive_child",0,0
226,"ASC2_male",0,0
226,"ASC3_age",0,0
226,"cost_income",0.5,0
226,"prot25_child",-0.5,0
226,"prot50_child",-0.4,0
226,"invasive_child",0,0
227,"ASC2_male",0,0
227,"ASC3_age",0,0
227,"cost_income",-0.3,0
227,"prot25_child",-0.4,0
227,"prot50_child",0.3,0
227,"invasive_child",0,0
228,"ASC2_male",-0.6,0
228,"ASC3_age",0.5,0
228,"cost_income",-0.4,0
228,"prot25_child",0,0
228,"prot50_child",0,0
228,"invasive_child",0,0
229,"ASC2_male",0,0
229,"ASC3_age",-0.6,0
229,"cost_income",0.4,0
229,"prot25_child",0.5,0
229,"prot50_child",0,0
229,"invasive_child",0,0
230,"ASC2_male",-0.5,0
230,"ASC3_age",0.3,0
230,"cost_income",0,0
230,"prot25_child",-0.3,0
230,"prot50_child",0,0
230,"invasive_child",0,0
231,"ASC2_male",0,0
231,"ASC3_age",0,0
231,"cost_income",0,0
231,"prot25_child",-0.5,0
231,"prot50_child",-0.2,0
231,"invasive_child",-0.6,0
232,"ASC2_male",0.5,0
232,"ASC3_age",0,0
232,"cost_income",-0.5,0
232,"prot25_child",0,0
232,"prot50_child",0.5,0
232,"invasive_child",0,0
233,"ASC2_male",0,0
233,"ASC3_age",0.5,0
233,"cost_income",0,0
233,"prot25_child",0,0
233,"prot50_child",0.3,0
233,"invasive_child",0.5,0
234,"ASC2_male",0,0
234,"ASC3_age",0,0
234,"cost_income",-0.5,0
234,"prot25_child",0.4,0
234,"prot50_child",0,0
234,"invasive_child",-0.5,0
235,"ASC2_male",-0.2,0
235,"ASC3_age",0,0
235,"cost_income",-0.5,0
235,"prot25_child",0,0
235,"prot50_child",-0.5,0
235,"invasive_child",0,0
236,"ASC2_male",0,0
236,"ASC3_age",-0.5,0
236,"cost_income",-0.4,0
236,"prot25_child",0,0
236,"prot50_child",0,0
236,"invasive_child",0.3,0
237,"ASC2_male",0,0
237,"ASC3_age",-0.4,0
237,"cost_income",-0.5,0
237,"prot25_child",0.5,0
237,"prot50_child",0,0
237,"invasive_child",0,0
238,"ASC2_male",0,0
238,"ASC3_age",0.6,0
238,"cost_income",0,0
238,"prot25_child",-0.5,0
238,"prot50_child",-0.2,0
238,"invasive_child",0,0
239,"ASC2_male",0,0
239,"ASC3_age",0,0
239,"cost_income",-0.4,0
239,"prot25_child",0.3,0
239,"prot50_child",0,0
239,"invasive_child",-0.4,0
240,"ASC2_male",0.5,0
240,"ASC3_age",-0.5,0
240,"cost_income",0,0
240,"prot25_child",0,0
240,"prot50_child",0.2,0
240,"invasive_child",0,0
241,"ASC2_male",0.5,0
241,"ASC3_age",0.4,0
241,"cost_income",0,0
241,"prot25_child",-0.4,0
241,"prot50_child",0,0
241,"invasive_child",0,0
242,"ASC2_male",0.5,0
242,"ASC3_age",0.4,0
242,"cost_income",0,0
242,"prot25_child",0,0
242,"prot50_child",0.4,0
242,"invasive_child",0,0
243,"ASC2_male",-0.5,0
243,"ASC3_age",0,0
243,"cost_income",0.5,0
243,"prot25_child",-0.4,0
243,"prot50_child",0,0
243,"invasive_child",0,0
244,"ASC2_male",0,0
244,"ASC3_age",0,0
244,"cost_income",0.2,0
244,"prot25_child",0.5,0
244,"prot50_child",0.6,0
244,"invasive_child",0,0
245,"ASC2_male",-0.3,0
245,"ASC3_age",0,0
245,"cost_income",0,0
245,"prot25_child",0.2,0
245,"prot50_child",0,0
245,"invasive_child",0.4,0
246,"ASC2_male",0,0
246,"ASC3_age",0,0
246,"cost_income",-0.4,0
246,"prot25_child",0.4,0
246,"prot50_child",0.5,0
246,"invasive_child",0,0
247,"ASC2_male",-0.4,0
247,"ASC3_age",0,0
247,"cost_income",0.5,0
247,"prot25_child",0,0
247,"prot50_child",0,0
247,"invasive_child",0.4,0
248,"ASC2_male",0.4,0
248,"ASC3_age",0,0
248,"cost_income",-0.4,0
248,"prot25_child",0,0
248,"prot50_child",0,0
248,"invasive_child",-0.4,0
249,"ASC2_male",-0.2,0
249,"ASC3_age",0,0
249,"cost_income",0,0
249,"prot25_child",0.4,0
249,"prot50_child",0.4,0
249,"invasive_child",0,0
250,"ASC2_male",0,0
250,"ASC3_age",0,0
250,"cost_income",-0.5,0
250,"prot25_child",-0.4,0
250,"prot50_child",0,0
250,"invasive_child",0.4,0
